cod_vehiculo,cod_vehiculo_estado,anio_fabricacion,fecha_ultimo_mantenimiento,fecha_ultimo_viaje,capacidad_carga,cod_vehiculo_marca,cod_vehiculo_tipo,placa,cod_vehiculo_modelo
1,C,2016,6/03/2024,29/12/2022,1035,16,C,XO6-429,F
2,C,2005,27/11/2023,24/03/2023,1696,7,P,OUT-344,C
3,C,2015,3/01/2024,7/06/2022,1064,11,R,5XI-659,D
4,N,2017,7/12/2022,3/02/2023,963,6,R,3BP-712,E
5,N,2020,14/11/2022,27/10/2023,1857,18,C,AJ9-795,E
6,C,2009,26/11/2023,12/12/2022,1939,7,C,2NX-117,S
7,D,2008,3/10/2022,16/06/2022,707,13,R,90Q-603,F
8,D,2005,13/10/2022,8/02/2024,1913,15,R,89J-624,D
9,N,2015,8/10/2022,12/12/2022,1857,19,R,BE1-282,S
10,D,2013,4/11/2022,3/07/2023,1721,10,R,HIJ-790,C
11,D,2017,8/06/2022,5/10/2023,971,6,R,TU2-213,F
12,D,2005,15/10/2022,8/08/2022,624,2,C,K5J-596,F
13,D,2008,22/05/2023,15/12/2023,1162,2,R,ZHS-379,C
14,D,2011,27/09/2022,9/06/2023,1669,3,R,1JW-591,D
15,C,2013,6/08/2022,10/04/2023,1406,18,C,F9L-544,E
16,D,2018,19/06/2024,31/05/2023,1203,6,C,7VK-309,E
17,C,2011,9/12/2022,12/05/2022,620,6,R,136-835,S
18,D,2013,3/05/2022,24/05/2023,538,15,C,PA2-603,F
19,N,2016,3/07/2022,4/08/2023,1476,17,C,RS9-342,D
20,C,2014,4/05/2022,14/04/2022,1400,19,C,OUJ-167,S
21,D,2013,1/02/2023,11/05/2022,1752,19,R,5ST-247,C
22,C,2017,13/07/2022,11/06/2023,1808,17,C,Q4R-663,F
23,D,2018,29/04/2024,30/06/2023,731,4,R,3GY-638,F
24,D,2020,18/12/2023,25/05/2023,701,16,C,51T-383,C
25,D,2011,4/07/2023,2/04/2024,1316,18,R,7T2-282,D
26,C,2015,25/05/2023,29/06/2022,1338,16,R,N1Y-499,E
27,D,2010,9/03/2023,12/12/2022,788,15,R,H6S-096,E
28,D,2009,20/08/2023,18/10/2023,1558,16,R,AFY-545,S
29,D,2017,24/05/2022,7/10/2023,1680,16,P,C6R-547,F
30,C,1998,16/02/2023,20/05/2024,1581,18,R,53A-820,D
31,C,2009,23/11/2023,16/01/2023,624,5,C,ZTN-102,S
32,N,2011,1/06/2024,8/06/2023,1578,8,R,E9M-862,C
33,N,2011,27/12/2023,18/08/2023,1857,14,C,MD3-036,F
34,D,2018,10/04/2022,24/06/2023,1173,4,C,5LS-614,F
35,N,2015,4/12/2022,8/03/2022,1883,6,C,LR5-094,C
36,D,2014,7/07/2022,10/09/2023,1076,5,C,4PU-081,D
37,D,2014,8/03/2024,24/12/2023,1814,6,C,LXN-224,E
38,D,2001,23/01/2022,3/12/2022,1736,11,C,5XU-445,E
39,C,2016,9/07/2022,18/07/2023,630,5,R,36C-437,S
40,N,2010,9/08/2022,22/05/2024,1147,17,R,1FJ-671,F
41,C,2015,8/01/2022,26/06/2023,1995,2,C,EZE-013,D
42,D,2014,21/07/2023,21/05/2024,1635,2,P,U1M-681,S
43,C,2015,18/05/2022,30/03/2024,566,13,R,HTM-673,C
44,D,2016,3/09/2023,23/09/2022,669,1,C,JK3-904,F
45,D,2010,9/02/2023,7/03/2022,1378,10,C,OB6-148,F
46,D,2016,10/09/2022,25/05/2022,1202,14,C,Z05-887,C
47,D,2020,29/03/2022,2/03/2024,1385,19,R,XC6-374,D
48,D,2014,10/01/2023,3/05/2022,1623,11,C,WIN-276,E
49,C,2015,17/01/2023,14/01/2023,1878,1,R,ZYZ-477,E
50,D,2009,6/12/2022,19/06/2022,1417,9,R,1KV-512,S
51,C,2020,5/01/2023,20/06/2024,816,11,R,VD5-140,F
52,C,2009,9/05/2023,24/01/2024,683,9,C,7L0-719,D
53,D,2011,29/02/2024,18/03/2024,544,19,C,LUB-524,S
54,D,2016,2/04/2022,22/09/2022,1303,13,R,QD0-392,C
55,D,2011,30/11/2023,26/08/2023,1837,13,C,OE1-065,F
56,C,2012,30/07/2022,15/07/2023,1514,12,R,RGP-409,F
57,N,2005,15/12/2023,31/01/2024,864,18,R,VPI-477,C
58,D,2004,28/03/2023,18/02/2022,1367,9,R,K50-341,D
59,D,2011,21/06/2022,10/12/2022,1032,15,C,LAW-710,E
60,D,2012,11/05/2024,5/08/2023,1533,5,P,Z1Q-337,E
61,D,2010,9/03/2024,13/02/2022,504,10,R,I9B-187,S
62,C,2013,2/06/2024,24/12/2022,1564,18,C,5XN-413,F
63,C,2020,3/03/2022,6/02/2024,1679,6,R,5LY-656,D
64,D,2012,4/06/2023,27/04/2022,1827,2,C,YI8-991,S
65,D,2006,15/03/2023,26/03/2023,1828,15,R,TJC-974,C
66,D,2012,29/04/2024,12/06/2022,1639,2,C,6X7-857,F
67,C,2002,6/02/2023,15/10/2022,1398,5,R,DZK-074,F
68,D,2013,28/06/2023,22/05/2022,518,18,P,NSS-177,C
69,D,2008,25/11/2023,11/02/2024,1867,1,P,LSV-926,D
70,D,2009,9/12/2023,15/09/2023,1184,18,P,GAR-233,E
71,N,2020,31/12/2022,7/03/2022,1498,10,C,7WM-510,E
72,D,2016,8/07/2023,8/06/2023,1105,12,R,9QA-486,S
73,C,2020,21/11/2022,23/12/2022,762,11,R,HNQ-504,F
74,D,2010,5/03/2024,9/07/2023,600,14,R,7YI-556,D
75,C,2013,7/05/2024,1/10/2023,1030,3,R,4DT-414,S
76,N,2013,13/09/2023,15/02/2024,1424,3,R,Y55-169,C
77,N,2012,9/03/2022,8/07/2022,1757,11,C,F5B-547,F
78,D,2005,22/03/2023,18/03/2022,1271,4,R,AMX-681,F
79,D,2013,20/01/2023,1/09/2022,1387,10,C,5K3-370,C
80,C,2003,26/12/2023,11/12/2022,526,5,R,JA2-247,D
81,N,2018,6/10/2022,8/07/2023,1979,4,C,0V4-024,E
82,D,2014,1/09/2023,15/07/2023,1572,11,C,CMS-378,E
83,C,2014,5/03/2024,24/05/2023,727,6,R,TJZ-164,S
84,D,2015,23/02/2024,14/12/2022,1006,7,R,ZFC-921,F
85,D,2003,27/11/2023,16/07/2022,1089,5,R,E9O-674,D
86,D,2013,1/11/2023,29/07/2023,1942,20,R,CFI-970,S
87,D,2013,12/09/2022,13/01/2024,1098,9,C,AI2-064,C
88,D,2007,3/01/2024,1/04/2024,968,6,R,01U-574,F
89,D,2012,3/12/2022,25/06/2022,1662,15,C,5KH-021,F
90,C,2014,13/02/2023,17/02/2022,1138,9,P,NKO-041,C
91,D,2014,27/12/2022,15/02/2023,1043,16,C,3ZT-869,D
92,N,2018,19/07/2023,14/12/2022,1382,11,C,HFG-078,E
93,D,2016,1/07/2022,2/10/2022,1162,7,C,9PV-604,E
94,D,2015,24/02/2024,19/07/2023,941,16,C,OQP-424,S
95,D,2011,22/02/2022,6/03/2024,1840,15,R,U52-654,F
96,D,2014,27/07/2022,23/11/2022,1327,5,R,AQB-774,D
97,C,2016,18/10/2023,31/08/2023,1616,7,R,5QX-160,S
98,C,2007,31/12/2022,15/12/2022,1233,1,C,NPP-744,C
99,D,2014,25/08/2023,7/05/2022,781,20,C,YKE-717,F
100,N,2012,26/05/2024,25/12/2023,1135,7,R,PVS-397,F
101,D,2004,25/05/2023,1/10/2022,1370,17,C,4BX-677,C
102,D,2016,15/10/2022,23/10/2023,1039,5,R,0EQ-409,D
103,C,2014,25/02/2022,14/11/2022,503,12,C,LGB-530,E
104,D,2007,15/11/2023,24/04/2022,872,14,P,142-206,E
105,D,2021,16/06/2024,25/11/2023,1184,13,C,6F2-186,S
106,D,2013,7/09/2023,13/03/2024,848,5,C,32Z-644,F
107,D,2010,26/06/2022,29/10/2023,1579,6,R,GX6-590,D
108,D,2013,16/09/2023,15/05/2024,1626,15,R,STV-711,S
109,C,2020,15/08/2023,13/08/2023,815,17,C,DE3-018,C
110,D,2005,14/05/2024,21/01/2024,1668,12,C,8XX-700,F
111,C,2014,6/01/2024,17/10/2022,907,8,R,3MG-527,F
112,D,2011,31/01/2023,15/10/2023,1113,20,R,3AJ-431,C
113,C,2007,1/06/2022,24/03/2024,1823,9,C,PQQ-029,D
114,D,2000,6/12/2023,18/02/2022,1079,15,C,8RF-396,E
115,N,2021,11/07/2022,21/04/2024,1941,12,R,4MU-197,E
116,D,2017,19/01/2023,21/10/2023,1250,18,P,4TW-902,S
117,C,2009,2/11/2022,15/03/2022,1512,13,C,VF5-986,F
118,D,2015,12/12/2022,19/06/2024,1887,11,C,PJ9-342,D
119,N,0,10/05/2022,23/05/2024,1409,12,C,GJ9-643,S
120,D,2009,1/01/2022,9/08/2023,853,4,C,WFT-918,C
121,C,2008,22/03/2022,23/05/2024,1227,10,C,93C-782,F
122,C,2009,28/11/2023,24/11/2022,548,7,P,TWR-652,F
123,D,2017,5/03/2024,24/01/2023,752,1,R,ZO6-348,C
124,D,2013,9/05/2022,8/04/2023,1034,11,C,K7B-869,D
125,D,1998,17/12/2023,9/03/2023,1001,12,C,S9E-898,E
126,D,2009,14/06/2024,9/12/2023,1369,4,C,4SO-451,E
127,D,2016,2/05/2024,11/03/2022,1617,8,R,X0O-452,S
128,C,2019,19/07/2023,28/01/2023,1042,15,R,EBZ-135,F
129,C,2012,19/04/2022,24/04/2024,1557,4,C,HLO-492,D
130,D,2015,10/08/2023,6/12/2023,1221,7,R,URI-708,S
131,C,2014,6/11/2022,10/07/2023,1224,4,R,ZIJ-191,C
132,C,2019,8/02/2022,17/04/2022,832,9,C,JBM-782,F
133,D,2012,19/05/2022,11/01/2023,897,17,R,2XJ-210,F
134,N,2012,14/02/2022,16/07/2023,1785,16,R,ATD-352,C
135,C,2014,30/10/2023,11/06/2024,840,11,C,GD9-053,D
136,D,2020,25/11/2023,8/08/2023,666,6,R,LOQ-471,E
137,C,2004,28/04/2023,29/02/2024,1744,13,R,LVC-387,E
138,D,2010,4/03/2024,29/12/2022,1697,8,C,5KV-577,S
139,D,2020,27/05/2022,4/10/2023,1110,6,C,DES-479,F
140,C,2019,20/01/2022,30/07/2023,1060,6,C,W0D-538,D
141,N,2008,14/02/2022,2/05/2022,1985,2,R,2J2-004,S
142,D,2003,6/04/2022,27/01/2024,1967,5,P,5N4-338,C
143,D,2011,28/08/2022,7/05/2024,1066,18,C,1MB-553,F
144,D,2014,5/05/2023,27/08/2023,1632,18,C,17F-884,F
145,D,2012,6/01/2022,26/09/2022,605,11,R,G2I-064,C
146,D,2016,4/09/2023,21/08/2023,1934,12,C,C12-271,D
147,C,2014,31/08/2022,11/11/2022,1319,8,R,4Y5-835,E
148,D,2019,17/01/2024,29/07/2023,1075,13,C,M6Z-856,E
149,C,2015,14/09/2022,5/03/2024,1323,3,P,978-006,S
150,D,2014,9/10/2022,12/03/2024,1860,3,C,IDN-284,F
151,D,2014,7/10/2023,17/03/2023,1945,16,C,4IQ-400,D
152,D,2004,25/06/2022,9/06/2024,1278,2,R,2C9-498,S
153,D,2012,21/10/2022,5/01/2024,851,5,C,JKB-242,C
154,C,2003,26/11/2023,21/06/2023,1625,13,R,ULH-401,F
155,D,2020,4/08/2023,7/09/2023,1566,2,R,AMJ-855,F
156,D,2007,30/08/2022,21/04/2022,1147,19,C,U89-079,C
157,D,2004,27/04/2024,24/07/2023,1797,14,C,RIE-832,D
158,C,2008,2/12/2022,19/06/2023,1377,10,R,CZB-981,E
159,D,2008,17/03/2024,18/01/2024,1766,1,C,H7J-327,E
160,D,2000,21/11/2023,12/09/2023,991,18,C,QWT-087,S
161,D,2014,22/02/2023,10/06/2023,1768,17,R,NZD-951,F
162,C,2020,10/03/2023,21/02/2024,1335,4,C,P3S-395,D
163,D,2011,15/02/2022,1/02/2023,1149,19,C,F6R-550,S
164,D,2007,9/02/2022,19/06/2023,637,6,C,89Q-550,C
165,N,2017,15/08/2022,13/10/2023,891,14,R,9I8-127,F
166,D,2014,12/09/2022,31/05/2022,1144,14,R,I56-466,F
167,C,2007,25/11/2022,26/06/2023,652,8,R,YEC-736,C
168,C,2011,21/06/2024,11/03/2022,597,14,R,UD8-251,D
169,D,2009,12/12/2022,24/02/2022,1340,17,C,L9U-940,E
170,D,2015,14/03/2024,7/11/2022,934,11,C,9DO-318,E
171,D,2014,10/10/2023,18/04/2022,1487,1,C,SQ7-758,S
172,D,2019,31/10/2023,25/03/2022,766,14,R,YWJ-582,F
173,D,2014,15/04/2023,8/04/2024,1822,8,R,SE4-227,D
174,D,2006,27/03/2022,4/09/2022,1884,6,R,3H3-452,S
175,D,2019,29/01/2024,29/06/2022,727,14,R,SSC-971,C
176,D,2013,21/07/2022,17/09/2023,1829,13,R,RN7-796,F
177,D,2011,15/10/2023,19/05/2023,1778,13,C,64S-384,F
178,D,2017,18/02/2024,26/11/2023,1650,8,R,IS8-666,C
179,C,2014,22/03/2022,16/02/2024,1960,15,C,FM0-813,D
180,D,2019,27/05/2024,14/07/2023,1282,16,R,2JL-512,E
181,D,2015,6/11/2022,8/05/2022,808,6,R,SCM-950,E
182,D,2012,1/02/2023,1/02/2023,1040,8,C,BYU-444,S
183,D,2006,12/09/2023,14/06/2022,1752,7,C,CQF-650,F
184,C,2015,18/02/2023,4/04/2024,614,7,R,0QY-553,D
185,D,2021,17/12/2022,9/03/2023,1547,2,R,NOF-344,S
186,D,2014,4/01/2022,31/03/2024,962,17,C,VZJ-844,C
187,D,2015,28/01/2024,1/06/2022,672,20,C,U1C-017,F
188,D,2010,17/10/2022,29/05/2023,1335,17,C,PJ6-097,F
189,C,2011,29/10/2022,30/04/2023,1132,19,C,A9I-133,C
190,D,2017,24/09/2023,22/10/2023,581,6,C,R7F-264,D
191,D,2014,5/08/2022,18/11/2022,1034,10,C,NND-956,E
192,D,2020,2/05/2024,12/09/2022,1801,16,P,WFP-489,E
193,C,2018,5/10/2022,4/08/2023,1747,20,R,DQ2-469,S
194,D,1995,21/08/2022,10/11/2022,1894,6,C,Y6W-537,F
195,D,2019,9/03/2024,15/05/2024,601,20,R,IKK-069,D
196,D,2013,13/03/2024,1/02/2024,887,5,R,N5S-019,S
197,N,2015,30/01/2022,31/05/2023,566,9,C,BGE-064,C
198,D,2005,3/04/2022,4/12/2023,1975,13,P,O87-171,F
199,D,2009,26/03/2023,20/09/2023,1558,19,R,87T-387,F
200,C,2002,4/07/2023,17/06/2023,1373,11,R,O60-209,C
201,D,2017,6/08/2023,25/04/2023,1475,14,C,MHD-498,D
202,D,2004,19/07/2023,28/03/2022,535,2,C,5R5-345,E
203,N,2011,7/12/2023,16/08/2023,1193,18,R,SI6-402,E
204,D,2007,29/01/2023,2/11/2022,946,2,R,NZ7-408,S
205,D,2020,24/08/2023,6/04/2022,1120,6,R,A1Q-157,F
206,D,2019,13/11/2022,23/05/2022,1281,15,P,O94-766,D
207,C,2017,1/12/2023,8/06/2024,1472,16,R,RFO-981,S
208,D,2016,25/08/2023,20/12/2023,546,6,C,009-469,C
209,D,2012,12/01/2023,2/08/2022,975,13,R,CUC-560,F
210,D,2014,15/09/2022,3/09/2023,1446,3,R,H2A-901,F
211,C,2015,9/04/2022,3/06/2022,1789,12,C,UFS-519,C
212,D,2018,1/05/2024,11/04/2023,1693,6,C,H0S-472,D
213,D,2008,19/03/2023,20/10/2023,946,9,R,DDQ-720,E
214,D,2018,26/01/2024,24/12/2023,1053,8,C,QME-483,E
215,D,2018,1/01/2023,23/01/2024,1936,17,C,ZIQ-723,S
216,C,2013,26/11/2022,8/10/2023,1435,7,C,R9K-179,F
217,C,2012,9/09/2023,27/04/2023,528,18,R,LBD-627,D
218,D,2005,10/04/2022,24/07/2022,1431,15,R,8M1-920,S
219,D,2016,3/08/2023,30/10/2022,828,7,C,UKG-299,C
220,D,2013,1/11/2023,30/10/2023,745,3,C,84X-052,F
221,D,2018,4/08/2023,1/10/2022,1985,16,P,VX9-848,F
222,D,2019,5/03/2023,25/04/2022,727,13,R,XW2-346,C
223,D,2011,14/10/2023,10/02/2022,949,20,C,9A8-576,D
224,D,2014,27/01/2023,18/10/2023,1191,18,C,Q94-344,E
225,C,2004,1/07/2022,7/07/2023,1312,10,C,YA1-141,E
226,C,2011,7/04/2024,24/06/2022,1927,10,C,6F2-187,S
227,D,2012,22/05/2024,13/08/2023,1723,18,P,270-453,F
228,D,2018,31/08/2023,5/08/2023,914,14,R,4OI-165,D
229,D,2006,23/05/2022,21/05/2024,1575,6,R,D0X-102,S
230,C,2015,2/06/2023,29/09/2022,1865,20,P,9QJ-179,C
231,D,2010,7/12/2023,9/04/2022,1471,13,R,0WY-301,F
232,N,2002,13/03/2023,21/09/2023,694,6,R,L19-039,F
233,D,2015,26/11/2022,26/07/2023,1592,4,C,5P8-581,C
234,C,2000,31/05/2022,4/04/2023,1100,13,R,AGE-160,D
235,D,2015,10/01/2024,10/11/2022,1415,16,P,QIK-516,E
236,N,2007,6/05/2022,9/07/2023,762,5,C,O7B-107,E
237,D,2003,4/05/2023,23/05/2024,1397,6,R,LXZ-326,S
238,D,0,10/05/2024,21/12/2023,1846,5,C,1MX-636,F
239,C,2008,3/02/2023,29/05/2023,1711,2,C,UTV-000,D
240,C,2013,8/10/2023,3/03/2023,1540,4,R,KBI-542,S
241,D,2013,8/02/2022,28/11/2023,1690,18,P,3ZE-867,C
242,C,2016,9/03/2023,16/06/2023,975,10,R,O9Y-740,F
243,D,2013,3/02/2024,10/06/2023,794,1,R,IJF-464,F
244,C,2011,16/06/2023,9/09/2022,635,10,C,DF5-496,C
245,D,2011,13/10/2022,2/05/2024,1867,1,R,S0A-885,D
246,D,0,15/08/2022,7/06/2022,1913,8,C,034-695,E
247,N,2002,28/09/2023,14/10/2023,1126,10,C,6PT-596,E
248,C,2014,15/04/2024,5/04/2024,1343,7,R,8D7-586,S
249,D,2020,21/07/2023,15/05/2023,1403,13,C,TH6-171,F
250,D,2016,12/09/2023,23/01/2023,1008,1,R,PS6-637,D
251,D,2014,2/10/2022,18/05/2024,1640,14,C,Y82-796,S
252,N,2014,5/08/2022,27/12/2022,1075,7,C,0NZ-123,C
253,N,2014,3/03/2024,9/03/2024,1610,10,C,QZM-113,F
254,D,2003,2/11/2023,11/02/2023,1335,8,C,YNQ-010,F
255,D,2015,10/12/2022,7/05/2023,1966,14,R,1L0-070,C
256,D,2009,26/06/2022,24/05/2022,1405,11,C,0UF-147,D
257,C,2018,6/06/2024,8/03/2022,1563,11,C,ITU-687,E
258,D,2011,8/01/2023,13/10/2022,1063,20,C,3PH-114,E
259,C,2018,25/02/2024,22/06/2023,610,12,R,9EY-310,S
260,D,2011,3/02/2024,17/04/2023,1648,19,R,QE3-207,F
261,N,2011,14/07/2022,6/12/2022,1966,1,R,SXR-376,D
262,C,2011,8/03/2024,27/10/2023,686,4,R,YW8-311,S
263,D,2014,21/02/2024,11/04/2023,1463,3,C,OMJ-270,C
264,C,2015,29/10/2022,3/10/2023,1014,19,R,ARH-383,F
265,C,2004,29/01/2022,30/12/2023,791,13,C,B20-843,F
266,C,2003,4/02/2022,21/07/2023,1518,18,C,X7K-258,C
267,N,2013,30/12/2022,8/12/2023,853,6,R,IMK-095,D
268,D,2016,8/07/2022,13/03/2022,792,20,C,0GN-726,E
269,D,2009,29/03/2023,25/01/2023,1471,1,R,ATA-404,E
270,C,2018,1/05/2024,6/09/2022,1742,1,R,KC4-408,S
271,D,2018,26/09/2022,14/03/2024,881,10,R,G7M-293,F
272,D,2014,18/04/2024,1/02/2024,792,13,C,G9G-852,D
273,D,2015,29/08/2022,10/01/2023,1880,4,R,I7T-908,S
274,D,2008,2/09/2023,19/03/2024,1728,17,C,I0W-720,C
275,N,2011,8/10/2022,19/10/2023,1805,7,R,LVK-852,F
276,D,2013,26/05/2022,9/11/2023,1251,1,R,72R-872,F
277,D,2020,2/06/2022,8/03/2022,1665,20,R,0IO-746,C
278,D,2008,3/02/2023,8/05/2022,657,14,R,A16-631,D
279,C,2005,20/05/2023,16/08/2023,1217,16,C,2TF-299,E
280,C,2015,7/08/2023,17/09/2023,804,11,R,ZCB-816,E
281,D,2015,8/01/2024,21/12/2023,735,6,R,YET-898,S
282,D,2012,2/01/2022,25/01/2024,1946,11,R,SFH-820,F
283,D,2011,1/08/2023,8/04/2022,1181,18,R,W7C-786,D
284,D,2013,4/12/2023,23/09/2022,840,17,R,UDN-139,S
285,D,2014,4/05/2024,28/09/2023,506,11,R,HLE-731,C
286,C,2004,22/08/2022,28/09/2022,1680,20,R,A81-099,F
287,D,2002,22/08/2023,3/04/2022,1077,10,C,R31-873,F
288,D,2015,30/10/2023,21/07/2022,1940,19,R,JCM-813,C
289,D,2020,17/04/2023,21/12/2023,585,8,C,N1W-864,D
290,N,2014,3/05/2022,29/10/2023,820,9,R,8GB-810,E
291,D,2003,15/02/2024,30/06/2022,698,8,C,3VE-074,E
292,D,2014,8/01/2024,2/11/2022,1230,11,C,TJZ-422,S
293,D,2006,9/06/2023,18/04/2024,714,18,C,PF3-922,F
294,C,2016,20/07/2023,30/03/2023,1840,1,R,B2S-741,D
295,D,2020,31/07/2023,20/10/2023,671,16,R,2I5-598,S
296,N,2012,29/06/2023,16/02/2023,1862,4,C,7AQ-578,C
297,C,2014,19/05/2023,6/01/2023,566,4,C,N9W-668,F
298,D,2007,4/06/2023,18/02/2023,595,11,C,GA6-470,F
299,D,2006,29/07/2022,19/05/2022,758,15,C,ZI7-989,C
300,D,2013,17/10/2023,10/03/2023,1729,1,R,FU6-688,D
301,D,2011,30/09/2023,7/04/2023,793,12,C,3JT-158,E
302,D,2007,14/05/2024,1/10/2022,534,12,R,L1G-242,E
303,D,2017,8/04/2023,25/03/2024,1872,8,C,Z1G-160,S
304,D,2017,2/04/2022,10/07/2022,1841,13,C,CS2-929,F
305,D,2018,14/02/2022,7/03/2022,1036,20,R,8HV-373,D
306,N,2013,11/12/2023,6/11/2022,1938,2,R,1UR-892,S
307,C,2018,17/05/2022,13/12/2022,1067,11,C,X4Z-045,C
308,D,2017,4/06/2023,3/10/2022,1628,17,P,CIJ-020,F
309,D,2012,9/04/2023,21/06/2023,539,1,R,9S0-360,F
310,D,2005,11/07/2023,14/07/2023,1869,15,R,T6H-885,C
311,C,2009,5/05/2023,25/08/2023,970,3,P,H3S-513,D
312,D,2020,6/04/2022,4/03/2024,734,1,C,9I6-937,E
313,D,0,30/08/2022,13/05/2024,1842,3,C,IRJ-880,E
314,C,2002,28/07/2022,26/03/2022,1923,16,R,KAD-769,S
315,D,2013,24/11/2023,22/09/2023,1099,17,C,S0J-615,F
316,D,2005,13/06/2024,30/05/2022,1610,13,R,E4B-514,D
317,C,2008,21/04/2024,29/10/2022,1686,19,C,JPC-547,S
318,C,2004,27/12/2022,18/08/2022,1955,7,R,4NM-003,C
319,N,2018,11/01/2024,20/01/2023,881,19,R,LFI-806,F
320,D,2013,15/09/2022,2/07/2022,518,1,C,HXC-167,F
321,D,2018,13/04/2023,22/12/2023,1276,5,C,BYD-369,C
322,D,2020,23/03/2023,24/01/2024,1977,16,C,41Y-279,D
323,D,2005,29/03/2022,23/10/2022,1928,15,R,H9B-753,E
324,C,2013,9/11/2023,9/10/2023,874,17,R,9EK-985,E
325,C,2013,16/04/2024,6/04/2024,1338,11,C,MIT-916,S
326,D,2009,10/12/2023,27/02/2022,1857,16,C,Z3K-756,F
327,C,2011,2/02/2024,7/03/2022,1273,3,P,PQ1-870,D
328,N,2013,22/09/2022,2/05/2024,1902,1,R,E7W-976,S
329,D,2019,3/10/2022,10/03/2024,1039,20,R,FZL-546,C
330,D,2015,12/05/2022,17/09/2023,1113,1,C,N55-336,F
331,D,2010,9/01/2023,3/01/2024,1031,17,C,0HW-818,F
332,D,2008,29/01/2022,5/03/2022,1123,6,C,GLN-557,C
333,C,2010,30/04/2024,10/09/2023,1869,16,R,YYL-585,D
334,D,2007,4/08/2022,24/01/2023,1076,10,C,E5Y-503,E
335,C,0,24/03/2022,14/10/2023,1530,10,C,P35-864,E
336,D,2019,30/04/2024,8/07/2023,834,10,C,9HG-238,S
337,C,2020,26/01/2024,16/03/2022,801,14,R,0LY-258,F
338,D,2014,19/12/2022,13/09/2022,567,2,C,W79-704,D
339,D,2008,18/07/2022,25/05/2024,1752,12,R,JXW-027,S
340,D,2005,2/06/2022,7/08/2023,1124,5,C,V0D-074,C
341,D,2017,10/04/2022,10/06/2023,1757,1,R,4V5-115,F
342,D,2014,24/02/2023,13/02/2023,1848,11,C,MO3-173,F
343,D,2016,19/05/2023,13/02/2024,1552,19,C,9Z4-010,C
344,D,2005,19/04/2023,22/05/2024,1241,1,C,M2C-109,D
345,C,2007,12/06/2024,4/03/2024,1828,16,R,72T-320,E
346,C,2018,5/01/2023,14/03/2022,691,3,R,U5E-970,E
347,N,2015,10/10/2023,27/06/2023,895,7,C,V3T-953,S
348,N,2015,1/02/2023,18/12/2022,1087,7,C,6LX-930,F
349,D,2006,15/04/2022,22/02/2022,1722,16,C,BJH-338,D
350,D,2020,12/05/2022,2/05/2023,1807,6,R,0GF-812,S
351,D,2013,30/03/2022,20/05/2024,1309,18,P,IER-988,C
352,D,0,19/03/2023,23/04/2023,985,1,R,P6P-882,F
353,D,2017,12/05/2023,26/04/2022,1014,4,R,YYQ-598,F
354,D,2005,21/09/2023,19/11/2022,1141,17,R,TIE-659,C
355,D,2011,8/09/2022,4/03/2024,653,10,R,FBL-538,D
356,C,2017,20/03/2024,28/08/2023,1536,15,P,VSP-242,E
357,D,2020,26/01/2024,13/02/2024,1959,5,R,9WC-344,E
358,C,2011,6/06/2024,4/07/2022,1617,13,C,UXH-693,S
359,D,2019,26/08/2023,8/09/2023,699,5,C,LUT-882,F
360,D,2011,14/11/2023,5/11/2023,979,3,R,DZF-888,D
361,D,2017,12/05/2024,15/04/2023,1547,15,C,Y5K-894,S
362,D,2017,21/04/2022,2/04/2022,1623,14,C,KAJ-793,C
363,C,2011,2/05/2023,19/11/2023,1173,16,C,IGL-936,F
364,D,2016,9/02/2022,20/09/2023,1755,14,R,MPT-869,F
365,N,2017,12/01/2024,15/10/2022,1134,7,R,XWJ-398,C
366,D,2005,19/03/2024,5/05/2024,1319,14,R,CAE-984,D
367,D,2008,10/05/2023,7/03/2023,728,5,C,MLL-693,E
368,C,2014,19/03/2023,6/08/2022,1198,5,C,P3Q-899,E
369,D,2009,23/02/2023,29/09/2022,776,9,R,NZC-997,S
370,D,2014,29/07/2023,5/09/2023,580,7,R,OA1-721,F
371,N,2019,27/05/2024,11/11/2023,507,8,R,XWT-723,D
372,D,2017,21/06/2022,30/10/2022,1980,15,C,HQ9-491,S
373,D,2017,12/09/2023,17/08/2023,1115,14,C,XVD-147,C
374,D,2019,22/03/2022,24/12/2023,1797,1,C,V3I-865,F
375,D,2019,3/05/2024,17/05/2023,1337,1,C,550-569,F
376,N,2008,1/07/2022,17/11/2022,1991,9,C,H7H-702,C
377,C,2004,20/11/2023,11/03/2022,792,18,R,CHO-780,D
378,C,2009,28/09/2023,3/10/2022,1060,16,R,ZPO-108,E
379,D,2010,27/01/2023,26/11/2023,1485,7,R,OF5-318,E
380,D,2005,29/10/2023,17/03/2022,1201,2,R,DNT-852,S
381,N,2003,14/01/2024,20/11/2023,1939,6,C,DYB-384,F
382,C,2011,23/09/2023,8/06/2024,1340,11,C,2HY-680,D
383,D,2013,23/04/2024,26/11/2022,883,6,R,VR9-339,S
384,D,2008,14/11/2023,8/05/2023,825,18,C,PD2-774,C
385,D,2013,15/10/2022,17/07/2023,1422,10,C,EEP-909,F
386,C,2015,17/01/2023,14/11/2023,1897,13,P,N06-581,F
387,D,2003,1/07/2023,29/12/2022,949,4,C,SQK-294,C
388,D,2018,26/06/2022,22/05/2024,872,15,C,Y1C-855,D
389,D,2020,15/02/2022,2/07/2022,1939,16,C,4KW-007,E
390,D,2003,18/08/2023,13/07/2023,1566,4,C,FFU-577,E
391,D,2008,9/07/2023,25/05/2022,632,18,P,D8I-281,S
392,D,2013,17/05/2022,4/03/2022,600,13,R,ASJ-972,F
393,C,2010,29/03/2023,15/08/2022,1309,16,P,URF-794,D
394,D,2014,22/10/2023,8/10/2022,575,15,C,NRW-490,S
395,D,2012,2/06/2024,21/06/2024,918,7,R,0PZ-840,C
396,D,2012,17/03/2024,6/07/2023,778,5,R,LNC-113,F
397,N,2003,10/04/2023,15/10/2022,884,4,R,6CF-280,F
398,D,2008,13/09/2022,12/03/2023,743,18,C,1H6-490,C
399,D,2004,8/02/2023,26/12/2022,1708,10,P,R9A-167,D
400,D,2010,10/06/2023,1/09/2022,1177,9,R,H8G-654,E
401,N,2006,5/04/2022,18/10/2023,952,13,C,SZJ-145,E
402,D,2011,3/11/2022,10/06/2024,1639,3,C,3SS-787,S
403,D,2013,6/10/2023,10/08/2022,1669,18,C,HQ1-025,F
404,D,2010,12/03/2024,26/08/2023,1749,8,R,5GF-807,D
405,C,2007,4/01/2022,14/03/2024,1158,7,R,6M3-153,S
406,C,2020,15/04/2024,4/02/2024,588,7,R,1JP-613,C
407,D,1997,29/12/2023,8/08/2022,724,7,P,XOC-839,F
408,C,2013,5/01/2022,15/02/2023,1677,2,C,CX9-793,F
409,D,2015,13/01/2022,11/10/2022,547,3,R,O3Y-025,C
410,D,2010,5/02/2024,13/04/2023,1177,1,R,LUJ-181,D
411,D,2013,3/04/2022,3/03/2024,1474,14,C,ZMV-322,E
412,C,2021,18/04/2023,10/05/2023,667,18,R,65L-826,E
413,N,2013,10/06/2024,8/05/2023,1371,1,C,QBC-130,S
414,N,2013,29/10/2023,13/05/2022,1678,10,R,K73-671,F
415,D,2015,23/01/2022,8/05/2023,1912,13,C,REG-106,D
416,D,2021,1/12/2023,31/05/2023,1843,18,C,IWI-418,S
417,D,2009,19/09/2023,1/04/2023,1373,19,C,WAL-750,C
418,C,2009,31/01/2024,12/03/2023,821,3,R,V4I-223,F
419,C,2002,19/02/2023,12/10/2023,509,10,R,S7K-410,F
420,D,2016,6/02/2024,15/06/2024,593,17,C,JPI-380,C
421,N,2020,5/06/2022,5/02/2022,1767,2,C,4B6-638,D
422,D,2016,3/06/2022,3/07/2022,1510,13,C,MLO-691,E
423,D,2009,8/12/2022,8/01/2023,1782,9,R,C7N-986,E
424,D,2010,16/03/2024,24/02/2022,1971,1,C,81F-042,S
425,D,2004,21/04/2023,14/09/2023,1051,10,C,21G-972,F
426,C,2019,20/03/2024,28/12/2023,1066,6,C,0ZI-824,D
427,C,2018,9/02/2023,18/12/2023,1142,4,C,08Z-576,S
428,D,2005,22/04/2024,7/10/2023,1709,8,R,C7V-961,C
429,N,2014,3/12/2022,27/02/2024,1505,12,C,KD0-410,F
430,C,2019,27/03/2022,15/05/2022,838,10,R,TY7-630,F
431,D,2015,19/01/2023,25/06/2023,1491,12,R,39W-401,C
432,C,2013,2/10/2022,23/12/2023,1527,6,C,1HP-297,D
433,D,2014,22/08/2022,25/09/2022,865,19,R,P1O-319,E
434,D,2008,3/01/2024,14/05/2022,1393,1,R,C6U-384,E
435,C,2010,2/07/2022,26/03/2022,508,18,C,D8B-602,S
436,C,2014,3/05/2023,4/05/2022,1207,14,R,ZGO-532,F
437,D,2012,18/09/2023,13/10/2022,1592,10,C,RFL-919,D
438,D,2013,28/03/2024,27/11/2022,534,14,R,AY0-688,S
439,D,2010,17/01/2024,13/06/2023,1148,20,C,1FT-781,C
440,D,2003,3/05/2023,20/03/2024,644,7,R,OU1-619,F
441,D,2017,16/10/2022,22/10/2022,1956,10,P,UBE-470,F
442,D,2012,15/11/2023,6/01/2023,775,11,C,5ZO-403,C
443,D,2015,31/10/2022,8/05/2023,1906,14,R,Q99-893,D
444,C,2008,1/01/2022,20/08/2022,1976,18,R,E7W-500,E
445,D,2021,8/08/2022,28/11/2023,1103,17,R,ZQK-457,E
446,D,2007,8/01/2023,20/03/2024,1013,13,R,QGB-253,S
447,D,2010,12/09/2022,6/03/2022,870,8,C,RZU-343,F
448,D,2018,10/05/2022,7/03/2024,1335,13,R,0IN-399,D
449,D,2006,18/05/2023,31/10/2023,1484,9,C,502-654,S
450,D,2016,17/05/2023,1/01/2023,1176,16,C,PYN-980,C
451,N,2013,8/12/2023,10/02/2024,1449,6,C,OBH-943,F
452,D,2000,10/12/2022,22/10/2023,1495,3,R,KCH-888,F
453,D,2016,2/05/2023,14/07/2023,698,3,C,AIQ-724,C
454,D,2011,16/06/2024,31/03/2022,1585,2,P,R4N-305,D
455,C,2011,28/09/2023,13/10/2022,1446,14,R,CR9-713,E
456,N,2012,21/06/2024,17/07/2023,1269,16,R,MGZ-449,E
457,D,2018,9/10/2023,4/05/2023,1411,6,C,U74-613,S
458,C,2018,24/03/2022,4/05/2022,1297,20,R,42Q-991,F
459,C,2011,1/07/2022,5/10/2023,1620,13,C,UNJ-077,D
460,D,2008,26/02/2022,22/09/2023,1798,4,R,7IC-389,S
461,C,2010,13/09/2023,5/01/2024,1742,4,C,UI2-622,C
462,D,2011,28/05/2023,22/12/2022,1217,11,R,BBF-020,F
463,C,2014,17/02/2022,16/06/2022,1894,3,R,Z1K-106,F
464,D,2001,22/01/2024,20/08/2023,529,12,R,SUO-980,C
465,C,2011,7/02/2023,22/09/2022,1725,15,R,PH0-604,D
466,D,2017,16/11/2023,5/03/2023,1844,13,C,55W-770,E
467,D,2015,11/03/2023,29/11/2022,913,13,P,8WQ-291,E
468,D,2015,16/11/2022,24/11/2023,508,16,R,2JF-549,S
469,D,2011,12/06/2023,1/11/2023,915,19,C,WIA-518,F
470,C,2007,29/03/2024,6/10/2022,938,7,R,7EB-146,D
471,D,2001,14/04/2022,1/04/2023,850,2,R,2NS-990,S
472,D,2015,31/12/2023,2/12/2023,1455,1,C,OHJ-534,C
473,D,1997,9/01/2024,10/04/2024,1648,12,C,26R-970,F
474,C,2006,19/12/2023,12/08/2022,583,11,C,IL4-412,F
475,C,2010,9/08/2022,3/12/2023,1652,19,C,U4O-959,C
476,D,2019,27/02/2023,5/02/2024,1407,19,C,UTI-370,D
477,D,2012,25/05/2022,1/06/2024,664,12,C,J1Y-242,E
478,D,2014,21/02/2024,29/06/2023,1319,12,C,GDL-376,E
479,D,2012,30/01/2022,24/02/2023,1375,13,C,BVD-580,S
480,C,2015,5/07/2023,27/01/2024,621,4,C,K3P-374,F
481,D,2016,8/12/2023,12/03/2023,1596,14,C,VB4-574,D
482,D,2010,1/05/2022,3/08/2023,553,11,C,IEJ-321,S
483,N,2010,11/10/2022,14/03/2022,1482,10,C,SPQ-974,C
484,D,2015,8/12/2023,18/05/2023,783,4,C,T1S-713,F
485,N,2004,31/01/2024,23/03/2023,1301,8,C,NK4-108,F
486,D,2014,6/03/2024,29/08/2022,586,9,R,HOG-349,C
487,C,2013,15/04/2022,16/03/2023,1218,9,C,RJB-890,D
488,D,2011,16/02/2022,28/02/2022,590,14,C,MJ5-738,E
489,D,2019,8/04/2022,3/05/2022,1221,13,C,IK7-086,E
490,D,2013,5/01/2022,18/05/2022,1485,15,R,F8I-634,S
491,N,2019,4/10/2023,16/01/2023,1987,9,R,L9C-502,F
492,C,2020,20/08/2022,25/04/2024,1663,8,R,MLL-854,D
493,N,2017,7/10/2022,18/02/2024,1313,18,R,S1F-085,S
494,D,2011,16/02/2023,18/02/2023,1864,9,R,30X-047,C
495,C,2003,27/10/2023,10/11/2022,1974,16,R,YMG-038,F
496,C,2017,21/08/2023,29/12/2023,565,14,R,YVM-077,F
497,D,2017,19/10/2023,28/07/2023,1917,12,R,TXD-685,C
498,C,2020,8/05/2022,18/10/2023,1109,11,P,50H-563,D
499,D,2018,27/02/2022,17/07/2022,552,17,R,YOW-707,E
500,D,2011,27/05/2022,13/09/2022,1005,15,R,HYY-283,E
501,N,2003,22/04/2024,6/05/2022,1560,9,P,5AD-888,S
502,D,2013,29/11/2023,12/12/2022,1655,13,R,24E-845,F
503,N,2014,20/07/2022,27/01/2024,1521,15,R,OHH-301,D
504,N,2020,2/05/2024,23/08/2022,1464,11,R,YVE-242,S
505,D,2015,10/02/2022,28/08/2023,532,20,C,H8G-409,C
506,D,2011,26/12/2023,9/07/2023,1019,20,R,3C4-993,F
507,C,2014,3/03/2024,14/12/2022,721,10,P,LIM-497,F
508,D,2006,9/08/2023,15/12/2022,1042,17,P,4J9-494,C
509,D,2008,13/08/2022,27/07/2022,1592,1,C,3QH-759,D
510,D,0,22/09/2022,25/03/2022,1752,18,C,9U7-909,E
511,D,2020,11/02/2022,12/05/2022,1726,7,R,3FO-558,E
512,N,2010,29/09/2023,13/02/2022,700,11,C,I59-563,S
513,D,2011,16/01/2023,12/08/2022,884,10,C,PO6-319,F
514,D,2018,14/08/2022,4/03/2022,1152,20,C,6YU-383,D
515,C,2010,28/01/2022,15/04/2024,1714,4,P,D5H-014,S
516,D,2015,28/10/2022,1/04/2023,1246,13,R,Q28-001,C
517,D,2016,15/02/2023,6/03/2023,1593,10,R,ITY-364,F
518,D,2016,8/10/2022,27/10/2023,970,19,R,0SL-100,F
519,D,2010,10/10/2022,5/04/2024,1692,11,R,9E9-863,C
520,C,2019,29/08/2022,7/10/2023,1687,18,C,Z2T-183,D
521,N,2016,11/01/2023,19/04/2023,1331,6,C,7QD-776,E
522,C,2016,9/09/2022,20/02/2022,809,9,R,MZC-221,E
523,D,2013,21/07/2023,3/06/2023,916,10,R,LP3-303,S
524,D,2015,10/12/2023,29/05/2024,1558,16,C,GOI-869,F
525,C,2004,9/04/2022,23/06/2022,1304,10,P,G9C-490,D
526,C,2016,4/04/2024,20/01/2024,1984,17,R,GKZ-180,S
527,N,2011,29/09/2022,17/11/2023,759,11,R,864-775,C
528,D,2014,1/03/2022,7/02/2022,1614,5,R,NBA-775,F
529,C,2001,7/09/2022,5/06/2024,1270,12,R,OZP-986,F
530,D,2015,4/05/2024,17/02/2024,966,4,C,LBL-795,C
531,N,2020,25/05/2023,14/03/2024,1983,3,R,W3P-377,D
532,C,2018,9/01/2024,11/09/2023,775,17,C,XHP-526,E
533,D,2014,30/01/2022,19/05/2023,1056,6,C,GYQ-737,E
534,D,2011,23/07/2022,21/12/2023,1342,18,C,JP2-394,S
535,D,2019,5/05/2024,4/08/2022,1877,9,C,WOK-802,F
536,D,2010,10/05/2022,13/03/2024,1177,10,C,163-485,D
537,D,2016,31/07/2022,7/02/2022,749,10,P,S4C-996,S
538,C,2013,22/11/2023,31/07/2023,1241,19,R,JN9-888,C
539,D,2020,7/08/2023,15/05/2024,1181,11,C,4P6-699,F
540,D,2009,13/12/2022,6/02/2024,1540,17,R,SOR-089,F
541,D,2009,17/11/2022,26/02/2022,1469,16,C,IFU-741,C
542,D,2020,14/09/2022,23/05/2023,518,7,R,KCI-940,D
543,C,2013,30/09/2022,5/08/2023,606,5,C,E6Z-617,E
544,D,2005,9/01/2024,10/02/2024,1428,11,C,ZZC-939,E
545,N,2015,9/12/2022,25/02/2023,1330,2,R,3DX-160,S
546,C,2002,12/03/2024,3/11/2022,644,11,R,PSD-512,F
547,N,2020,18/01/2022,20/10/2022,898,2,C,TNR-194,D
548,D,2017,10/07/2023,10/02/2023,1787,16,R,AOD-824,S
549,D,2020,28/11/2022,6/07/2023,1092,9,C,2V6-245,C
550,D,2020,11/01/2024,17/09/2023,814,12,P,8GS-355,F
551,C,2012,9/04/2023,7/11/2023,1604,3,R,XHP-264,F
552,N,2019,17/05/2024,22/03/2023,1717,19,C,6TI-352,C
553,D,2010,11/04/2022,15/02/2022,1692,17,R,UIX-151,D
554,D,2017,21/04/2024,19/09/2023,1095,17,P,FFJ-935,E
555,C,2014,26/04/2024,15/02/2022,1860,9,R,MIH-100,E
556,D,2014,10/08/2022,27/11/2022,528,1,R,HS6-222,S
557,C,2004,5/02/2022,23/05/2023,1661,4,R,3AI-834,F
558,C,2020,17/07/2023,30/01/2024,1088,4,R,JBZ-256,D
559,C,2017,26/03/2023,19/03/2023,1121,15,R,0GW-229,S
560,C,2019,29/06/2023,10/03/2022,1068,20,R,V58-828,C
561,D,2017,19/05/2023,12/05/2024,1829,10,P,GY5-595,F
562,C,2001,4/06/2024,25/10/2022,580,18,R,FRX-979,F
563,C,2002,28/11/2023,30/01/2023,1588,8,R,HJ2-249,C
564,D,2017,22/04/2022,16/02/2024,775,12,R,CN2-206,D
565,D,2017,27/03/2024,2/08/2023,1951,2,C,J0D-988,E
566,N,2012,5/01/2022,25/11/2022,1344,6,R,RGF-449,E
567,N,2010,16/01/2023,21/12/2022,509,14,R,RS5-528,S
568,D,2014,17/09/2022,8/02/2024,1922,7,R,5IQ-903,F
569,D,2012,11/10/2022,15/08/2023,1478,19,C,8JG-134,D
570,D,2020,25/09/2023,30/05/2023,1432,18,R,URS-833,S
571,N,2019,26/05/2024,29/08/2022,1680,11,R,IQA-403,C
572,D,2016,4/08/2023,5/01/2023,711,7,C,M4M-416,F
573,D,2007,25/04/2024,14/03/2024,1305,2,C,KLP-348,F
574,D,2016,20/01/2022,21/07/2023,1199,7,R,9DS-346,C
575,D,2020,24/12/2022,24/03/2023,1711,13,C,A89-386,D
576,C,2020,20/04/2023,27/03/2023,1668,16,C,0LJ-308,E
577,D,2019,5/02/2022,3/03/2024,1430,4,C,BS4-401,E
578,D,2008,6/06/2022,20/02/2022,1526,19,C,BJL-372,S
579,D,2014,1/03/2024,26/07/2023,999,18,R,Q4Z-847,F
580,D,2017,5/08/2022,31/03/2022,848,4,C,UI1-485,D
581,C,2007,10/01/2024,7/04/2024,503,7,C,YOK-058,S
582,C,2017,29/05/2022,26/02/2024,1154,14,R,WAI-987,C
583,C,2015,8/03/2024,7/12/2022,1203,7,C,GSO-891,F
584,N,2004,1/01/2023,11/04/2022,1684,4,C,11C-119,F
585,N,2010,10/11/2023,3/03/2022,1513,10,C,S2P-178,C
586,D,2012,22/05/2023,27/06/2023,1408,17,P,B6A-471,D
587,C,2009,12/03/2022,17/06/2024,633,17,R,Y0T-142,E
588,D,2013,21/11/2023,24/03/2024,1891,11,R,5ME-500,E
589,D,2006,4/02/2022,12/11/2022,1151,15,C,T0I-437,S
590,C,2005,23/02/2024,30/08/2023,715,6,P,N1L-071,F
591,D,2013,24/02/2023,12/04/2024,1366,1,C,3U9-504,D
592,C,2004,16/08/2022,5/02/2023,1803,18,R,BUG-343,S
593,D,2015,13/08/2023,11/04/2023,655,5,R,BSP-277,C
594,D,1999,7/01/2024,21/03/2024,570,7,P,8KE-515,F
595,D,2016,10/04/2023,15/10/2023,1795,18,C,TLT-447,F
596,D,2019,19/06/2023,18/12/2022,1141,10,R,WD6-834,C
597,D,2005,31/01/2024,19/04/2023,1088,1,C,X75-816,D
598,D,2019,20/01/2024,28/12/2022,1170,14,C,A3S-958,E
599,N,2007,22/10/2023,5/08/2022,1960,10,C,NBT-409,E
600,D,2014,23/02/2022,6/09/2022,1748,3,C,IVT-818,S
601,C,2015,13/09/2022,13/01/2024,967,20,C,PMC-305,F
602,N,2020,16/12/2023,19/02/2022,1653,14,C,IXI-386,D
603,N,2011,16/11/2023,10/01/2024,611,4,R,HMJ-683,S
604,D,2008,26/12/2022,6/02/2023,726,7,C,IBG-086,C
605,C,2003,19/02/2022,25/08/2023,1532,8,R,YJ0-109,F
606,D,2020,31/03/2024,6/06/2024,1470,5,R,VU2-537,F
607,C,2012,26/02/2024,24/10/2022,1871,7,C,NYE-834,C
608,N,2019,30/03/2024,10/08/2022,1789,4,C,0QX-859,D
609,D,2014,25/02/2023,19/07/2023,1512,1,R,GE1-466,E
610,D,2011,11/10/2023,28/12/2022,1274,6,C,B4E-016,E
611,C,2016,25/04/2022,29/02/2024,1766,15,C,DB9-873,S
612,D,2014,9/03/2023,22/05/2024,1891,18,R,N5U-733,F
613,C,2016,14/07/2022,11/03/2023,876,17,R,VGB-601,D
614,D,2006,16/09/2023,31/12/2022,1546,11,C,TL5-076,S
615,C,2015,4/07/2023,2/10/2023,1795,8,C,PUO-781,C
616,D,2018,28/03/2024,26/05/2022,532,8,C,EGE-835,F
617,D,2010,5/08/2022,22/02/2024,1314,11,C,TPT-743,F
618,D,2013,4/01/2022,14/08/2023,1187,3,C,H9G-811,C
619,N,2011,24/11/2022,18/11/2023,880,17,R,9UO-106,D
620,D,2016,27/04/2022,14/09/2022,1782,20,R,2LL-164,E
621,D,2009,13/04/2023,3/04/2024,884,7,R,XAI-993,E
622,D,2016,17/10/2022,7/02/2022,1301,12,C,FD7-514,S
623,D,2005,26/07/2023,20/12/2023,939,10,C,SAC-651,F
624,D,2009,9/10/2022,5/08/2023,759,19,R,ZJQ-603,D
625,C,2019,4/03/2024,19/10/2022,684,1,P,T8Z-896,S
626,D,2005,19/04/2024,24/07/2022,795,4,C,OVA-181,C
627,D,2010,17/12/2023,18/03/2024,1285,2,R,RWG-430,F
628,C,2014,30/07/2023,24/02/2022,1583,2,R,QGB-007,F
629,D,2006,26/08/2023,20/01/2023,1187,7,R,CVV-935,C
630,D,2020,4/05/2022,14/11/2023,687,15,R,QHM-806,D
631,D,2012,31/10/2023,20/03/2023,1028,11,R,2CR-556,E
632,C,2004,12/02/2023,11/02/2022,1295,7,C,NQT-687,E
633,C,2018,14/05/2024,28/04/2024,540,4,R,8LF-538,S
634,C,2020,21/08/2022,9/11/2022,1034,10,P,D9S-978,F
635,D,2015,12/03/2023,19/09/2022,1330,1,C,8DA-635,D
636,C,2014,12/03/2022,10/10/2022,635,5,R,GVL-364,S
637,D,2004,6/09/2023,8/06/2023,1041,2,C,J3N-470,C
638,D,1996,29/07/2023,3/11/2023,900,15,R,44Y-204,F
639,D,2020,1/05/2024,25/06/2023,1684,4,R,GTF-778,F
640,N,2012,19/04/2023,14/03/2023,1215,2,C,YCO-565,C
641,C,2016,21/04/2024,7/06/2024,868,12,C,W6W-709,D
642,N,2016,5/03/2022,29/04/2023,858,11,R,DWP-237,E
643,D,2011,28/10/2023,2/03/2022,947,18,C,NK3-820,E
644,D,2015,26/12/2023,26/08/2022,1380,1,C,OJZ-223,S
645,D,2007,23/06/2022,26/09/2023,1949,6,C,TCP-701,F
646,D,2010,22/01/2022,22/07/2022,1635,2,R,Q52-659,D
647,D,2010,15/03/2024,4/06/2023,1980,3,R,OOW-045,S
648,C,2008,13/03/2023,23/12/2022,1902,17,R,G8A-543,C
649,D,2014,24/08/2023,2/03/2024,760,14,R,HLQ-971,F
650,D,2008,6/11/2023,20/05/2023,1896,4,C,NDR-277,F
651,N,2011,2/08/2022,8/05/2024,882,8,R,3N8-490,C
652,C,2013,12/09/2023,17/06/2024,1235,13,R,CFQ-745,D
653,C,2019,24/01/2024,27/07/2022,1539,15,C,PYS-028,E
654,C,2010,12/09/2022,23/11/2023,1608,6,R,8EF-167,E
655,D,2008,13/04/2022,21/05/2024,742,7,R,15J-622,S
656,N,2008,11/11/2023,12/05/2023,1899,19,C,ANA-181,F
657,D,2005,19/04/2022,11/05/2022,1860,17,R,YS1-999,D
658,D,2009,18/01/2022,21/04/2023,682,5,C,6AI-183,S
659,N,2019,12/11/2023,16/02/2024,1624,16,R,NZN-839,C
660,C,2016,31/08/2022,8/05/2022,513,2,C,ZRM-126,F
661,D,2015,1/09/2022,16/05/2024,1977,19,C,IVZ-939,F
662,C,2014,23/05/2024,10/09/2023,1667,5,R,14Q-332,C
663,C,2009,11/04/2023,22/04/2022,591,10,R,4EY-224,D
664,C,2010,28/05/2023,13/03/2024,1588,5,R,P4P-663,E
665,C,2008,10/02/2022,5/07/2022,828,19,R,RGO-400,E
666,D,2012,23/07/2022,2/04/2024,1876,3,R,VEH-700,S
667,D,2008,19/03/2023,15/11/2023,1601,15,R,CVC-676,F
668,C,2013,11/06/2023,9/03/2024,1870,13,R,NT6-576,D
669,D,2007,27/11/2023,1/04/2024,1790,9,C,YER-107,S
670,C,2003,7/11/2022,24/12/2022,898,6,C,3SU-924,C
671,D,2019,6/03/2024,19/08/2023,1897,9,C,ZO6-151,F
672,D,2013,18/09/2022,29/02/2024,986,12,R,358-998,F
673,N,2013,25/05/2024,6/12/2022,592,5,P,WTL-136,C
674,N,2013,29/01/2024,21/05/2022,723,9,R,NTE-507,D
675,D,1999,6/01/2023,18/08/2022,1401,9,R,05L-278,E
676,D,2009,11/03/2024,27/05/2023,1995,4,C,H9E-587,E
677,D,2010,19/06/2023,9/01/2024,838,13,R,84K-293,S
678,D,2009,2/03/2022,3/10/2022,1986,10,C,KWZ-591,F
679,C,2012,20/06/2022,7/05/2024,1908,11,R,5NE-569,D
680,D,2013,7/12/2022,31/01/2023,1469,15,P,ZI3-241,S
681,D,2012,16/03/2024,12/12/2023,1762,19,R,QKY-672,C
682,D,2010,9/01/2023,9/07/2023,1220,16,R,LLX-669,F
683,C,2015,14/09/2022,7/01/2023,1065,17,R,730-175,F
684,D,2012,22/02/2023,6/10/2022,1746,16,R,43E-638,C
685,D,2002,23/11/2022,10/03/2022,1264,15,R,YH8-880,D
686,D,2012,6/03/2022,19/05/2023,832,20,R,8ZS-594,E
687,D,2002,18/03/2023,24/08/2023,1527,2,C,U7H-421,E
688,C,2012,6/05/2022,8/08/2022,1115,14,C,X0A-330,S
689,D,2015,16/05/2023,27/06/2023,1609,17,C,GUN-534,F
690,D,2012,6/03/2022,2/03/2024,1884,10,R,2PZ-930,D
691,D,2006,7/07/2022,15/10/2023,844,1,P,HXI-936,S
692,D,2004,31/05/2023,3/08/2023,1559,8,P,BMT-828,C
693,C,2009,30/06/2022,30/04/2024,808,19,C,DDO-421,F
694,C,2013,5/04/2023,28/06/2022,1220,13,R,AJI-061,F
695,C,2016,8/04/2024,5/03/2024,1013,11,R,BZ1-512,C
696,C,2020,30/01/2022,2/11/2022,823,11,R,A3Z-832,D
697,C,2010,12/04/2023,18/02/2024,1576,2,C,XO0-074,E
698,C,2020,18/05/2024,10/05/2024,666,12,P,3SW-054,E
699,D,2003,8/06/2023,2/06/2024,719,20,P,3K8-234,S
700,C,2009,7/04/2023,28/04/2024,1894,17,C,6DV-700,F
701,D,2012,5/01/2022,6/06/2022,1546,10,C,EC5-505,D
702,D,2010,23/04/2022,16/06/2023,1621,10,C,ZZV-545,S
703,D,2016,17/04/2024,14/03/2024,1653,14,P,NZB-728,C
704,D,2011,10/05/2023,24/11/2023,1795,19,C,B11-946,F
705,D,2014,25/08/2023,24/04/2022,631,3,C,F8L-722,F
706,C,2007,7/03/2023,5/02/2023,1855,9,R,239-775,C
707,C,2009,16/02/2023,13/01/2023,729,6,P,7FN-914,D
708,C,2019,15/06/2023,10/11/2022,1111,9,C,5CY-682,E
709,D,1999,20/12/2022,24/08/2022,1682,5,C,K26-324,E
710,C,2010,30/07/2022,26/09/2022,1225,16,R,3YW-469,S
711,D,2008,12/05/2024,13/09/2023,1529,4,R,59X-239,F
712,N,2007,7/01/2024,27/11/2022,983,16,R,RHA-371,D
713,C,0,12/03/2022,5/05/2024,1631,14,R,NUQ-923,S
714,D,2017,10/04/2024,22/07/2023,735,17,R,PDK-643,C
715,N,2017,17/05/2023,17/04/2022,1238,2,C,WFS-365,F
716,D,2003,6/10/2023,2/09/2022,849,10,C,6FV-909,F
717,D,2010,27/04/2022,19/05/2024,979,13,R,601-591,C
718,D,2015,7/05/2022,25/05/2022,1892,15,C,G8J-084,D
719,D,2001,27/12/2023,20/01/2024,838,8,R,2K2-071,E
720,N,1998,30/11/2022,28/10/2023,533,11,C,8HU-677,E
721,D,2008,25/07/2022,14/09/2022,956,15,C,XD0-028,S
722,D,2011,15/04/2024,18/05/2023,1714,10,C,QOU-225,F
723,D,2009,10/08/2022,12/08/2023,1669,11,C,68P-132,D
724,D,2014,25/09/2022,19/06/2024,1767,15,P,BND-485,S
725,D,2005,14/08/2022,12/01/2024,1617,9,R,QHQ-275,C
726,D,2010,9/03/2022,24/10/2023,1148,9,C,UPB-066,F
727,D,2004,3/01/2024,27/04/2024,791,20,C,I9Y-342,F
728,D,2019,9/05/2023,13/10/2022,883,20,C,U0G-229,C
729,D,2009,8/10/2023,24/04/2023,1925,2,C,LQQ-619,D
730,D,2019,30/06/2023,25/02/2024,1616,8,C,ER4-753,E
731,D,2011,28/03/2023,10/10/2023,882,20,R,KHV-681,E
732,C,2016,2/10/2023,19/02/2022,878,8,C,G8V-955,S
733,C,2012,27/12/2023,12/03/2022,1472,11,C,VVZ-659,F
734,D,2016,26/01/2024,27/09/2022,1710,14,R,EIE-534,D
735,C,2016,14/04/2023,17/06/2024,1796,17,C,151-025,S
736,C,2009,9/04/2022,5/09/2023,1479,15,C,ZXN-503,C
737,D,2005,21/01/2024,9/12/2023,1513,2,R,Z09-431,F
738,D,2013,12/05/2023,27/04/2024,1369,12,R,0LG-294,F
739,D,2018,7/05/2023,27/05/2024,1335,9,C,8FD-764,C
740,D,2007,23/10/2023,22/08/2023,1472,7,C,T11-636,D
741,D,2009,7/11/2022,7/10/2022,1769,17,P,0YS-012,E
742,C,2009,8/12/2022,8/10/2022,1411,12,P,H82-023,E
743,N,2013,4/05/2024,2/09/2023,1903,3,P,S1F-758,S
744,D,2012,21/07/2023,6/01/2024,591,10,C,C2S-514,F
745,C,2017,22/01/2024,19/03/2024,1216,12,R,SNW-676,D
746,D,2004,13/12/2023,13/10/2022,1118,6,C,3E1-672,S
747,D,2006,7/05/2024,26/06/2023,1177,9,C,SQ6-906,C
748,D,2002,2/05/2022,9/09/2022,1534,8,R,HKO-129,F
749,D,2010,23/12/2022,9/01/2024,1126,14,P,B0N-294,F
750,N,2015,20/05/2022,3/03/2024,955,10,C,CX8-315,C
751,D,2006,11/01/2024,4/02/2023,1724,13,C,RJ4-773,D
752,D,2006,29/07/2022,5/09/2023,1498,20,R,HIG-982,E
753,C,2020,10/05/2024,18/02/2023,1239,9,R,86H-324,E
754,D,2008,12/09/2022,20/08/2023,592,9,C,DAD-711,S
755,D,2019,26/05/2024,15/05/2022,966,20,P,HHU-252,F
756,C,2013,25/01/2023,7/01/2023,1664,14,C,8JI-138,D
757,C,2016,25/10/2023,22/07/2022,1451,4,C,NNT-859,S
758,D,2016,4/10/2022,15/10/2022,1829,12,C,Y78-034,C
759,C,2012,2/05/2024,9/05/2022,1006,19,C,NQM-231,F
760,D,2020,18/06/2023,16/11/2023,1441,2,C,GOO-011,F
761,C,2014,4/03/2024,6/03/2023,1667,17,C,S6D-227,C
762,D,2020,21/07/2022,18/03/2022,771,19,C,LG5-028,D
763,D,2003,3/02/2023,16/04/2022,1987,1,R,2UK-382,E
764,D,2015,14/02/2023,10/02/2024,1909,1,R,UFA-585,E
765,D,2012,18/05/2024,29/02/2024,1561,6,R,FAF-315,S
766,D,2009,20/12/2023,1/01/2024,1228,16,C,RK6-854,F
767,C,2010,19/05/2023,19/03/2022,865,4,R,ESM-216,D
768,N,2012,26/07/2023,19/07/2023,886,12,R,XKT-632,S
769,D,2014,30/01/2022,19/09/2022,1486,10,R,1FV-242,C
770,D,2012,1/02/2024,11/05/2024,1098,15,C,37T-671,F
771,D,2015,12/01/2022,24/04/2024,1305,15,P,CN6-896,F
772,D,2020,8/09/2022,13/02/2023,936,15,C,IUG-735,C
773,D,2019,12/02/2024,20/02/2023,818,7,C,MUT-249,D
774,C,2014,2/12/2023,3/12/2023,910,18,P,RGP-923,E
775,C,2012,28/03/2024,21/09/2022,766,2,C,ZUF-122,E
776,D,2004,1/07/2023,17/02/2024,588,16,R,PRO-111,S
777,C,2000,29/03/2023,5/04/2023,1664,15,C,VGO-662,F
778,D,2009,4/01/2022,3/02/2022,1582,20,R,2FN-882,D
779,N,2016,30/07/2022,18/02/2023,1873,6,R,QFA-793,S
780,D,2016,13/01/2024,1/03/2023,1117,19,C,7AP-592,C
781,D,2018,23/05/2023,11/10/2022,1409,19,C,89O-861,F
782,D,2010,30/05/2022,26/03/2022,1751,11,R,CGP-903,F
783,D,2014,23/03/2022,5/01/2024,1102,16,P,THD-856,C
784,D,2008,19/11/2023,13/04/2022,1424,16,R,GNQ-461,D
785,C,2006,25/06/2022,12/04/2023,1729,18,C,WA8-362,E
786,D,2003,21/05/2023,18/12/2022,1458,13,C,5BY-371,E
787,D,2014,9/01/2022,6/08/2023,1240,1,R,D31-746,S
788,D,2016,9/10/2022,5/10/2022,789,19,C,NEZ-604,F
789,D,2009,19/05/2024,26/03/2024,1233,19,C,AM6-385,D
790,D,2014,23/10/2023,27/02/2024,562,14,R,DAZ-326,S
791,C,2020,27/01/2024,24/06/2022,1655,7,R,SZM-996,C
792,D,2008,12/04/2024,2/05/2024,965,17,C,17B-756,F
793,D,1998,13/01/2024,7/07/2022,1268,9,R,J3K-866,F
794,D,2015,28/04/2022,18/02/2024,1846,18,R,VX4-662,C
795,D,2011,23/06/2023,31/03/2024,1464,5,R,6Z9-176,D
796,D,2014,25/08/2022,19/01/2023,1391,2,P,CIR-790,E
797,C,2013,27/06/2022,12/02/2024,1743,7,C,505-233,E
798,D,2015,6/10/2022,10/02/2024,1948,7,C,P41-432,S
799,D,2015,6/04/2024,20/10/2022,877,15,R,6EX-877,F
800,D,2016,15/04/2023,18/06/2022,1321,8,C,FI8-078,D
801,D,2018,24/03/2023,2/08/2023,1844,9,C,1E9-789,S
802,C,2003,25/10/2023,17/05/2023,1578,18,C,U27-717,C
803,D,2010,23/10/2023,13/03/2022,1614,17,R,JQH-132,F
804,D,2011,11/11/2023,24/04/2022,1541,2,C,QGA-321,F
805,D,2018,18/02/2023,13/11/2023,1213,4,R,8AM-373,C
806,D,2020,9/07/2022,11/04/2023,871,14,R,HHI-938,D
807,N,2015,28/05/2024,22/03/2024,1885,18,C,2XN-887,E
808,C,2009,22/11/2023,24/02/2024,1657,7,P,UGP-445,E
809,D,2012,20/09/2023,6/06/2024,1065,4,R,WII-446,S
810,D,2014,7/03/2023,25/01/2023,1118,4,C,SCY-214,F
811,D,2016,10/04/2024,16/03/2023,1137,1,R,OSQ-158,D
812,D,2019,8/10/2022,8/06/2022,1869,3,C,O6L-175,S
813,D,2004,6/07/2023,4/05/2023,1206,17,R,GHA-247,C
814,C,2021,19/04/2024,19/04/2023,1808,13,P,WMQ-619,F
815,D,2015,22/05/2023,10/01/2024,1408,17,R,KFF-999,F
816,N,2009,11/03/2022,17/09/2023,1663,7,C,6KS-464,C
817,C,2012,15/09/2023,25/02/2024,1732,6,R,XE0-503,D
818,D,2016,16/08/2022,1/07/2022,1858,11,C,5V7-292,E
819,C,2018,19/09/2023,15/12/2023,1641,12,P,7N7-022,E
820,C,2000,23/08/2023,10/09/2022,1841,18,R,QKU-155,S
821,D,2015,16/10/2023,28/02/2022,985,18,C,6O3-589,F
822,D,2016,20/09/2022,15/09/2022,817,1,R,B8Z-884,D
823,D,2006,22/11/2022,7/12/2023,1577,13,C,C2J-164,S
824,D,2010,12/02/2024,11/08/2023,1152,20,C,IEN-710,C
825,C,2004,2/06/2024,21/08/2023,1833,18,C,FU0-220,F
826,D,2016,3/01/2024,7/03/2024,1572,20,R,WWJ-480,F
827,C,0,14/07/2022,5/08/2022,909,3,R,BQB-651,C
828,D,2007,5/06/2023,24/11/2023,1370,16,R,47I-314,D
829,C,2008,14/06/2022,7/02/2023,536,16,R,3TC-858,E
830,C,2012,17/07/2022,7/05/2024,739,9,P,68D-505,E
831,D,2020,23/02/2023,19/02/2024,1574,12,C,IYU-644,S
832,C,2019,9/04/2024,4/04/2023,1309,11,R,M3J-759,F
833,D,2013,21/11/2023,28/06/2022,1703,15,P,JM1-642,D
834,D,2012,17/02/2024,24/12/2022,691,17,C,KBP-695,S
835,C,2010,7/03/2022,10/01/2023,1480,11,R,1G3-031,C
836,N,2011,9/02/2022,2/02/2022,1190,3,C,HON-141,F
837,N,2004,14/06/2024,11/04/2024,1661,11,C,PCK-180,F
838,C,2018,13/04/2024,23/09/2022,1718,19,R,F4M-587,C
839,C,2020,2/01/2023,3/06/2024,1895,7,C,8DJ-607,D
840,C,2010,18/02/2024,4/08/2022,1703,9,C,5MW-656,E
841,D,2014,2/01/2023,18/02/2023,1792,19,C,UE1-556,E
842,N,2014,4/06/2024,21/02/2023,1744,7,C,RUD-982,S
843,D,2015,21/05/2024,1/05/2024,976,1,C,YN6-578,F
844,N,2006,20/02/2024,5/05/2022,1467,2,C,GWX-982,D
845,D,2006,3/06/2022,21/01/2024,987,6,R,0DB-017,S
846,D,2004,8/05/2024,4/07/2022,1159,11,R,RLK-949,C
847,C,2016,24/03/2023,27/04/2023,1308,17,C,ZQM-207,F
848,D,2014,4/12/2022,8/07/2022,1179,16,P,MWS-130,F
849,D,2016,19/05/2022,13/08/2022,819,1,C,LH3-381,C
850,D,2013,20/03/2024,16/10/2022,1093,12,C,G0Q-054,D
851,C,2006,13/01/2022,3/05/2022,1820,19,R,23P-633,E
852,C,2010,17/04/2024,6/05/2022,1027,11,C,OUN-446,E
853,D,2014,5/08/2022,28/08/2023,1886,15,C,24Z-451,S
854,C,2017,13/04/2024,24/04/2022,923,18,R,36X-487,F
855,C,2019,23/02/2024,16/05/2023,567,8,R,6L2-286,D
856,C,2012,24/12/2023,7/11/2022,1600,3,C,VOI-742,S
857,D,2010,14/01/2024,18/07/2022,1688,10,R,S4Y-877,C
858,D,2004,26/07/2023,5/01/2024,1438,12,R,JAL-017,F
859,D,2003,12/06/2024,21/07/2022,1882,3,P,Y1O-513,F
860,N,2007,21/01/2023,24/04/2023,1857,12,C,N7T-506,C
861,D,2015,19/01/2022,20/11/2023,669,2,R,M43-713,D
862,D,2008,21/07/2023,14/12/2023,891,18,C,THU-081,E
863,C,2015,28/09/2022,17/01/2024,1051,1,C,G1R-837,E
864,D,2012,17/01/2022,7/12/2022,999,19,C,G5U-478,S
865,D,2014,17/10/2022,18/02/2023,519,17,C,AEM-728,F
866,N,2009,2/04/2024,10/06/2022,1518,13,C,SNF-037,D
867,C,2003,29/04/2022,27/11/2022,1152,14,R,YL0-642,S
868,D,2009,14/05/2024,3/07/2023,1710,16,R,QY5-625,C
869,D,2019,16/01/2024,15/05/2022,1594,13,R,5EY-799,F
870,C,2010,17/01/2024,17/11/2022,809,13,R,2K2-723,F
871,D,2014,24/11/2022,19/03/2024,1728,15,R,B4P-775,C
872,D,2014,26/05/2023,30/05/2024,1757,3,R,7EZ-832,D
873,C,2014,19/01/2024,12/05/2023,596,19,C,RAQ-429,E
874,D,2020,21/02/2022,7/09/2023,510,12,C,2OV-380,E
875,D,2012,26/05/2024,26/06/2022,985,11,C,INJ-159,S
876,C,2002,8/10/2022,3/03/2024,1395,11,C,2WU-172,F
877,D,2014,2/09/2023,13/07/2023,1552,3,R,8NM-466,D
878,D,2008,7/05/2022,14/06/2022,1556,8,C,W5L-577,S
879,D,2013,15/02/2023,12/12/2023,717,16,C,9EA-924,C
880,D,2018,21/10/2023,23/05/2022,507,14,C,PFD-502,F
881,D,2020,31/05/2023,20/07/2023,561,11,R,XBI-160,F
882,D,2013,16/09/2022,14/08/2022,1123,9,C,NKY-355,C
883,C,2012,28/02/2024,7/03/2022,719,5,R,G0G-771,D
884,D,2010,19/05/2024,10/06/2023,733,5,C,DFV-873,E
885,N,2013,23/09/2023,15/10/2022,1729,19,P,OGH-155,E
886,D,2013,20/01/2024,12/06/2022,888,8,C,KNK-630,S
887,C,2020,15/05/2023,5/09/2023,1555,17,R,EG9-168,F
888,D,2019,27/11/2023,14/04/2024,1978,12,R,O1D-068,D
889,D,2004,2/01/2023,17/10/2022,1101,5,C,EUC-457,S
890,D,2011,20/03/2024,5/03/2024,1545,12,C,ATP-220,C
891,N,2014,18/12/2022,5/07/2023,896,13,R,JQL-946,F
892,C,2015,15/03/2024,7/12/2023,1875,14,R,FHH-062,F
893,C,2018,22/04/2024,23/08/2023,1648,19,R,Z75-209,C
894,C,2015,24/01/2024,2/03/2024,1281,7,C,C5G-176,D
895,D,2009,12/12/2023,13/05/2024,1623,3,R,GFE-055,E
896,D,2013,22/04/2022,2/04/2024,1284,9,R,3D6-891,E
897,D,2010,23/03/2023,10/01/2023,848,9,C,77N-868,S
898,D,2009,6/07/2023,11/09/2022,841,10,C,B4D-694,F
899,D,2014,15/05/2022,14/05/2024,1917,19,R,K25-459,D
900,C,2016,13/11/2022,3/12/2023,1658,11,C,SPI-768,S
901,D,2009,4/07/2022,26/02/2022,633,19,P,CIY-389,C
902,D,2019,29/03/2022,13/05/2024,1053,3,R,2DJ-228,F
903,D,2017,12/10/2023,25/11/2022,1454,8,C,DVH-907,F
904,N,2020,15/06/2022,26/10/2022,1092,10,C,SVW-313,C
905,D,2009,22/08/2023,15/03/2023,590,11,R,17A-621,D
906,D,2008,22/03/2024,31/03/2023,934,3,P,BGT-556,E
907,D,2015,30/06/2023,22/03/2024,846,9,R,5SL-267,E
908,N,2004,14/04/2023,3/03/2022,751,15,C,9DI-883,S
909,N,2012,6/06/2023,17/07/2023,1182,19,C,DN7-907,F
910,D,2009,5/04/2024,15/01/2023,1011,12,R,0GC-354,D
911,N,2014,6/12/2022,2/06/2023,1332,19,C,S70-332,S
912,N,2016,11/06/2022,26/03/2022,1224,17,R,5Z3-969,C
913,D,2020,14/07/2023,6/10/2023,941,3,C,V2W-833,F
914,D,1999,22/02/2024,19/12/2022,1989,14,C,4UK-547,F
915,D,2015,21/03/2022,5/02/2022,993,3,C,9BJ-417,C
916,C,2020,1/05/2023,3/12/2022,1983,2,C,OYH-506,D
917,C,2017,11/11/2022,31/12/2023,1560,19,R,SS4-939,E
918,C,2012,17/08/2023,3/01/2024,1000,1,R,3DW-992,E
919,D,2008,16/06/2023,17/05/2022,1573,7,C,1HV-033,S
920,N,2008,7/09/2023,12/09/2022,1301,9,R,IR7-403,F
921,C,2017,2/01/2022,26/02/2022,1508,4,R,MLS-764,D
922,N,2007,28/06/2023,26/11/2022,1350,16,C,WQV-743,S
923,C,2015,21/11/2022,12/04/2023,530,13,R,JPY-748,C
924,C,2020,23/10/2023,8/05/2022,1387,16,C,QT1-674,F
925,N,2000,8/08/2023,13/07/2022,989,3,C,LVW-186,F
926,D,2016,13/01/2024,28/12/2023,1092,4,R,IR9-991,C
927,D,2013,19/04/2023,13/01/2023,1740,3,C,ZDX-162,D
928,D,2003,25/01/2024,11/06/2022,1798,12,R,04V-566,E
929,C,2013,30/04/2024,22/11/2022,1492,5,C,2PI-640,E
930,C,2013,18/11/2022,5/10/2022,1392,18,R,PKV-966,S
931,D,2020,10/06/2024,11/04/2024,1902,18,C,BBN-133,F
932,C,2014,3/06/2023,30/10/2023,869,17,C,EG5-213,D
933,C,2015,27/03/2024,4/11/2022,1716,1,R,CK1-888,S
934,D,2004,24/04/2022,20/06/2022,1076,9,P,AH3-310,C
935,C,2016,15/12/2022,31/01/2024,1445,2,R,ZQO-638,F
936,C,2013,27/07/2023,5/02/2023,1302,18,R,KFU-131,F
937,D,2008,4/05/2023,12/05/2022,790,1,R,PQB-491,C
938,D,2020,3/12/2023,3/12/2022,565,13,P,H6G-780,D
939,D,2015,7/09/2022,16/04/2024,957,15,P,NL1-519,E
940,N,2015,31/07/2022,22/08/2023,1941,2,R,0JG-416,E
941,C,2012,16/10/2023,12/07/2022,671,19,C,S6E-569,S
942,D,2015,18/07/2023,2/04/2022,706,18,R,VT5-086,F
943,C,2018,26/02/2023,19/02/2024,1174,12,C,WS5-266,D
944,C,2012,5/01/2024,18/04/2023,938,12,R,WX5-469,S
945,D,2014,25/11/2022,17/03/2023,1576,17,C,FTS-635,C
946,D,2017,12/09/2023,17/05/2023,1052,5,P,1MB-077,F
947,D,2011,25/11/2023,22/09/2022,919,4,R,9OV-425,F
948,D,2015,24/01/2022,24/11/2023,1713,19,P,GQS-494,C
949,D,2002,2/08/2023,23/02/2022,1205,18,R,59Z-364,D
950,C,2013,7/12/2022,8/10/2022,1343,12,C,ICV-405,E
951,D,2009,20/11/2022,25/07/2023,879,13,R,5MS-431,E
952,D,2001,9/05/2024,5/11/2023,1629,15,R,GD4-749,S
953,D,2009,8/05/2024,21/02/2023,1920,10,R,QV1-220,F
954,D,2016,25/04/2023,6/02/2024,1133,1,R,5KQ-251,D
955,C,2017,1/02/2024,25/04/2024,1924,19,R,8J6-051,S
956,D,2004,22/11/2022,13/06/2023,1729,15,C,XQ0-023,C
957,C,2010,8/09/2022,25/08/2023,900,12,C,YCD-476,F
958,D,2019,6/03/2022,13/05/2024,1046,2,C,AHB-167,F
959,C,2008,24/03/2022,25/08/2022,758,2,R,KH7-501,C
960,C,2001,22/04/2024,26/05/2022,1282,18,C,5S5-158,D
961,D,2017,5/05/2022,3/11/2023,1335,2,P,J0S-702,E
962,D,2015,9/08/2023,28/08/2022,1394,1,R,DX3-110,E
963,C,2004,25/09/2022,22/06/2022,1532,8,C,0O5-061,S
964,C,2008,12/06/2024,11/04/2022,1694,5,C,QPQ-370,F
965,C,2014,6/04/2024,10/09/2022,868,2,C,Q9G-878,D
966,D,2016,25/09/2023,12/05/2023,916,8,P,Q7D-500,S
967,D,2015,8/04/2024,19/06/2024,1909,20,C,Q2L-945,C
968,C,2007,11/04/2024,21/01/2023,825,4,C,XG4-733,F
969,D,2014,8/07/2022,31/07/2022,1826,18,P,LED-606,F
970,D,2016,22/05/2022,27/01/2023,1975,17,R,LN6-702,C
971,D,2016,26/01/2022,21/06/2023,645,17,R,YRR-946,D
972,D,2020,7/08/2023,15/01/2024,1245,16,R,KHK-699,E
973,D,2004,30/01/2023,24/07/2023,1456,18,C,UCP-828,E
974,D,2011,25/08/2022,23/10/2022,767,15,R,M0M-942,S
975,N,2014,12/01/2024,24/03/2024,1405,13,P,YD4-130,F
976,D,1995,25/08/2022,4/02/2024,1324,9,R,H3W-479,D
977,D,2006,17/02/2024,28/11/2023,728,18,R,420-415,S
978,C,2012,24/11/2023,22/04/2022,1276,12,R,NMM-232,C
979,N,2010,27/11/2022,25/07/2023,868,18,C,WSL-426,F
980,D,0,30/01/2022,18/04/2022,1960,15,C,KOD-263,F
981,D,2015,10/10/2023,22/12/2022,849,13,C,EA1-550,C
982,D,2013,18/05/2024,13/10/2022,625,17,R,MW0-142,D
983,D,2018,28/04/2022,9/02/2022,1391,17,C,PR0-321,E
984,D,2008,5/06/2023,30/01/2024,923,4,R,GJQ-713,E
985,D,2014,7/11/2022,26/11/2023,1260,20,R,5JE-245,S
986,D,2015,15/04/2024,25/03/2022,1487,13,R,EX0-449,F
987,D,2008,30/08/2022,15/12/2022,1448,9,P,N1I-476,D
988,C,2015,6/10/2023,24/07/2022,1112,10,R,2GF-375,S
989,D,2014,26/08/2022,18/01/2024,1500,3,R,L1V-585,C
990,D,2017,17/12/2023,4/09/2023,1141,9,C,J1W-595,F
991,D,2013,6/02/2023,22/07/2022,590,4,R,T2L-329,F
992,N,2010,26/05/2024,19/03/2022,1137,8,C,54N-018,C
993,D,2014,13/05/2023,7/04/2024,1360,11,R,8RE-888,D
994,C,2011,5/08/2022,18/11/2023,641,12,P,PCV-736,E
995,N,2008,23/09/2022,25/02/2023,1231,1,R,DAB-033,E
996,D,2012,26/03/2023,23/04/2023,920,14,R,TKG-150,S
997,N,2016,13/10/2023,13/06/2022,1769,13,C,3ZZ-566,F
998,C,2014,22/10/2023,24/07/2023,1054,20,R,WZW-188,D
999,D,2020,26/04/2024,8/11/2023,916,9,R,YNB-541,S
1000,D,2008,15/07/2023,13/05/2023,816,19,R,G65-645,C
