cod_transportista,cod_empleado,cod_estado_transportista,cod_tipo_licencia,fecha_vencimiento_licencia,fecha_ultimo_traslado
248408353,227537973,D,B22358195,2026-04-09,2023-08-02
796335205,521870589,D,R54303998,2024-09-29,2023-06-14
431520797,690825321,D,Q42333964,2026-03-03,2023-08-11
588080059,987520841,D,H44431447,2026-01-28,2024-03-21
780571381,237536077,D,L77470147,2026-01-05,2024-05-03
908827723,530658663,D,V91672610,2025-08-10,2023-11-13
704629994,413661280,N,U21704843,2025-05-15,2024-01-19
562679393,145410481,N,J52160666,2025-03-09,2024-04-12
9709995,250470991,D,S27954766,2024-07-09,2023-09-16
139913036,533372396,D,D30282427,2025-10-28,2024-03-04
708173937,498158820,D,J21283745,2025-05-16,2023-11-09
967984088,630320974,D,A55057255,2025-05-14,2023-06-07
477276226,359225086,D,D47306659,2025-01-08,2024-05-13
717233533,594118197,D,Q65503438,2026-03-11,2024-03-05
277846907,839742928,D,Q88859221,2025-05-15,2024-05-16
628751782,490350743,D,Z34416449,2024-11-26,2023-10-06
296982425,716129332,D,H33149425,2026-01-05,2023-09-14
787912103,770348401,D,Z29681765,2025-06-07,2024-04-03
313064501,802558335,D,G65492987,2024-09-12,2023-07-17
751953209,409677370,D,D55917786,2025-04-26,2024-03-05
240495214,867760464,D,G40782939,2025-08-16,2023-12-06
635344098,574044816,D,M02030589,2025-05-28,2023-11-12
475103451,627313105,D,T00329378,2024-06-28,2023-12-20
451836051,605375542,D,E77151697,2026-04-10,2023-09-14
562054962,587876306,D,W16719233,2024-08-29,2024-05-17
858005539,560016304,D,A91524192,2026-04-12,2023-08-09
229358864,928619442,D,V44158720,2025-11-05,2024-02-24
657490386,2694934,D,Q30687525,2026-05-23,2023-08-31
8006527,785646260,D,F75951884,2025-08-02,2023-11-16
64070158,190972055,D,V49870892,2026-01-18,2023-11-23
59292869,500531579,N,L41355857,2024-10-28,2023-12-16
826787806,19660655,D,X79227830,2024-11-21,2023-11-27
669874305,132595561,N,X10943177,2025-06-20,2024-03-23
749747152,204041502,D,P43332705,2024-07-30,2023-09-04
417566688,368625888,D,L95311354,2025-04-06,2023-11-17
437389276,874771137,D,I79720243,2024-12-28,2024-03-08
928175286,122031570,D,R74535233,2025-05-05,2023-09-30
27531802,775457793,D,H74776948,2024-06-25,2023-10-01
651921106,623531603,D,D68542002,2024-07-19,2023-09-26
862050238,309785064,N,U09975371,2024-11-17,2023-11-28
123727352,245299507,N,J84768344,2025-12-16,2023-11-07
603046760,803692691,D,O75856378,2025-02-20,2024-01-15
791133634,566689877,D,B04112233,2026-05-04,2023-09-24
521059479,228412220,D,R30045564,2024-09-29,2023-12-14
311486433,136242425,D,G89199773,2025-02-25,2023-06-24
370112633,805004645,D,M91332738,2025-04-28,2023-08-31
464896000,748737111,D,D91765992,2024-10-13,2023-09-20
229344431,177509509,D,A84508048,2026-04-27,2023-10-19
184998348,641213240,D,W81559792,2025-08-18,2023-07-04
54011472,994814142,N,R00949485,2024-08-02,2024-05-29
201179161,762518303,D,L79475381,2026-03-30,2024-03-14
350806055,4894540,D,A76874298,2026-01-28,2023-09-22
49131288,328239564,N,S17069433,2024-08-26,2024-05-22
265305530,208546569,N,Z87645069,2025-02-13,2024-01-06
683543731,911644127,D,D06660959,2025-05-31,2023-09-16
141080469,869578204,D,T18948938,2024-06-06,2023-06-10
693087836,67150531,N,O21911830,2025-09-08,2023-10-14
3215201,118462425,N,K18633451,2025-10-31,2023-12-13
13653205,353777136,D,E62612192,2025-07-14,2024-05-28
489859620,303928187,D,H39125407,2024-11-19,2023-11-23
242229584,926376033,D,Z99786527,2026-01-14,2024-03-06
420766946,255947057,D,K41458659,2025-06-09,2023-09-15
982961874,570303672,D,L36754279,2025-02-11,2023-12-08
330290240,386232991,N,E59233057,2026-04-06,2023-10-09
268971238,594854106,D,L26010559,2025-10-06,2023-07-12
270067896,830415374,D,S12681426,2025-10-15,2023-09-21
631481849,139424884,D,X34057657,2025-05-02,2024-02-26
445962912,173429954,D,W13963841,2026-04-12,2023-06-22
535182989,239782039,D,S61975265,2025-02-19,2023-08-04
229070273,496258410,D,R95810005,2024-07-22,2023-09-02
334565104,487700947,D,V79713707,2026-04-15,2023-08-30
811358117,962231661,D,Z57256256,2025-10-11,2024-04-12
527010543,909583284,D,Q52816190,2025-12-01,2023-11-21
668454186,983982120,N,S51064776,2024-10-08,2024-01-14
370016243,286369165,D,W51646925,2025-07-27,2023-09-27
514522807,935606567,D,S80774007,2025-09-21,2024-01-10
757530068,612508812,D,C68464826,2025-03-22,2023-10-29
82166678,635371369,D,E80508068,2025-07-12,2023-07-04
504982964,583414578,D,L20747094,2024-12-08,2024-05-27
632249010,154791257,D,O74286339,2025-07-12,2024-06-02
278124998,778290305,D,I21036685,2024-06-11,2024-02-05
315970363,194592797,D,U17939316,2024-10-08,2023-08-12
77657559,381493237,D,I06152961,2025-04-02,2024-04-15
41447926,843035431,N,B07357764,2025-09-04,2024-04-19
251772776,703293508,N,K49403382,2025-08-08,2023-12-04
660140862,205452749,D,G02407648,2025-09-05,2023-07-31
421778316,606097560,N,T31868119,2026-01-08,2023-11-14
915988869,997224571,D,M90164773,2024-11-25,2023-07-21
105688496,318064038,N,C42298262,2026-01-03,2023-09-17
973971723,524913326,N,P95003842,2025-09-23,2024-02-01
46970182,433754233,D,Y97544816,2025-08-05,2023-09-17
571748711,602899166,D,D44259732,2025-08-27,2023-07-18
302416624,980055147,D,X25492269,2024-09-28,2023-07-24
89570175,380473283,N,D11364355,2024-10-27,2024-04-19
365496349,324375,D,M93799347,2025-02-22,2023-07-17
624122160,13532312,D,B18119536,2025-08-28,2023-12-09
238579161,502319349,D,B79573542,2025-02-12,2023-08-22
924648521,682926230,N,Z88175496,2025-02-23,2024-04-20
174100052,587117825,D,X18507698,2025-07-15,2023-12-16
655043147,624602315,N,W34835494,2026-05-15,2023-09-23
232253976,517503833,D,O27348081,2025-06-09,2023-09-14
319260448,875320480,D,M14669013,2024-07-24,2023-06-27
641474180,37605107,D,G03908875,2024-07-26,2023-09-14
242346851,798290210,D,F71716132,2024-12-05,2024-05-05
535645565,498804264,N,Z11894301,2025-04-24,2023-06-17
899660737,498869265,N,N50410745,2026-04-02,2024-01-13
923097630,473460652,D,P68748627,2025-12-26,2023-06-26
327844707,735750636,D,P94087870,2026-03-20,2024-05-05
119877566,411485917,N,Y39398565,2025-06-21,2023-12-31
240811717,323743689,D,R39640919,2024-10-18,2023-12-14
755841491,482303128,D,B85698761,2026-06-02,2024-04-29
400838835,275288362,N,X13885029,2026-02-13,2023-07-29
131005320,370797101,D,X82438091,2026-03-18,2024-02-27
344732192,217305224,N,U71081365,2024-09-05,2023-06-08
455886997,522628560,D,L50176912,2025-02-15,2023-12-09
959717802,657272775,D,N99901285,2025-01-23,2023-08-10
904538609,700588849,D,V42437810,2025-03-14,2024-01-17
484544015,270448280,D,X22828830,2025-01-17,2023-07-31
501028337,112153836,D,S79065497,2025-03-23,2023-06-14
899449296,106101823,N,N57696470,2024-10-12,2023-07-25
60054433,314019688,D,W74050465,2025-10-01,2023-12-30
446864441,637824535,D,B68076287,2025-06-10,2023-09-25
958488219,367010030,D,T31763809,2026-03-14,2023-12-04
845556625,574798453,D,Z33197314,2026-04-08,2023-08-29
461559719,245333136,N,K00523372,2024-07-26,2023-10-09
7762518,691597009,D,Q60548813,2026-02-17,2024-04-30
27200756,3330077,D,T24294919,2026-02-03,2023-09-19
628588053,727897911,N,L53268450,2025-05-13,2023-07-26
609439515,227636529,D,H86773298,2025-01-24,2024-02-06
854674893,40539614,D,V31394954,2026-04-05,2023-11-25
556420299,193159903,D,H77789319,2026-04-10,2024-05-31
255247442,754360974,N,L98320502,2026-02-23,2023-09-17
143274328,948846078,D,W20029023,2025-04-24,2024-01-19
669003931,683013082,D,T50859466,2024-10-26,2024-02-17
259768601,915672905,D,E91660289,2025-02-16,2024-06-02
236620444,230869594,D,S00930354,2024-08-07,2024-01-23
373297699,177952122,D,Y94491266,2025-12-04,2024-01-04
237195414,652502001,D,G67200804,2025-03-30,2024-01-05
422649154,145217126,D,N79421506,2024-10-27,2023-10-07
8846699,779921421,N,I64731590,2026-03-28,2023-06-06
308586639,563675706,D,U52982771,2026-05-22,2024-02-28
626720972,953385702,D,W35031250,2026-03-31,2023-10-05
567662766,935745232,N,Z39732398,2025-12-20,2024-05-29
775381398,353240570,D,J32140654,2026-03-17,2024-03-29
158300645,274832243,N,I96891275,2024-08-23,2023-11-16
259977091,461399886,N,O84036067,2025-09-20,2024-04-21
808040680,225519919,D,X58624511,2026-02-03,2023-06-07
656617716,718718536,D,W99430689,2025-03-08,2024-02-16
836946338,329048403,N,M91991618,2025-01-26,2023-09-08
931555527,41577119,N,M76716829,2024-07-20,2024-02-22
966831846,473177514,D,I89919010,2024-09-27,2023-08-03
592227761,320619835,N,B15320638,2025-03-29,2023-08-06
380103059,692225179,D,Z48131427,2024-07-25,2023-09-02
763335741,760725326,D,B76726596,2025-06-07,2024-03-21
423823026,68904676,N,C58809187,2025-03-26,2023-06-10
673405580,31056122,D,Q93092500,2025-08-26,2023-07-01
497350205,508578805,D,P60400181,2024-10-18,2024-04-27
347852548,428689768,D,W90327649,2026-03-27,2024-06-03
921025890,267457488,D,R37957675,2025-06-29,2023-09-23
556740033,135713929,N,M33293592,2025-03-23,2023-08-26
390809379,210290503,D,W22237482,2025-08-05,2023-07-13
611874049,805601057,D,B13422581,2025-05-20,2024-04-05
572475695,547360909,N,Z15903242,2026-02-18,2024-03-14
471739760,381040838,D,Q21736788,2024-12-15,2024-05-02
894778790,542954077,N,K83914606,2024-09-05,2023-06-17
194721139,42236501,D,K76373308,2024-12-28,2023-10-11
357085920,837136445,D,L48888881,2025-06-20,2023-12-13
688550069,832047496,N,I29720124,2025-01-03,2023-12-01
405083960,279443591,D,E60045024,2025-06-17,2024-04-04
82446843,284134862,D,G18635675,2024-09-24,2023-11-30
45607295,401752629,D,D97021990,2026-06-01,2023-06-14
511933934,299189674,D,Z95782053,2025-12-25,2023-09-30
43816595,581479106,D,S67186570,2025-05-30,2023-11-16
246415317,892735269,N,B95970760,2025-03-12,2023-10-10
960200593,355559270,D,J77706236,2024-11-30,2023-12-03
982831650,910839450,N,Y85373488,2025-05-24,2024-02-27
42598083,512256914,D,W40880189,2025-03-18,2024-01-12
241088696,414653256,D,S20801511,2025-12-06,2024-04-14
96078483,815677880,D,M67714830,2026-02-09,2024-02-17
927703845,977069266,D,I17691525,2024-07-14,2023-11-05
111620070,425384455,D,J98220166,2025-05-11,2024-06-01
83906305,287900317,D,T93669940,2025-03-13,2023-12-02
257132620,167974257,D,A42269174,2026-06-04,2024-02-19
598039577,809094216,D,S21188767,2026-04-10,2024-04-13
994345844,319378742,D,R87249685,2025-06-28,2023-10-21
281518085,307457949,D,I25340453,2026-05-28,2023-10-04
13374776,875530625,D,T54360291,2025-02-23,2023-08-01
363152613,336114701,N,N60164160,2025-01-13,2023-07-27
25984071,789378349,D,X76231172,2026-03-24,2023-12-11
108016853,550978362,D,Z43509360,2025-04-22,2023-09-01
273930837,944815914,D,G88408971,2025-12-03,2023-07-02
463531556,757937614,D,M34897341,2025-05-09,2023-09-23
452332253,916613279,D,I97732799,2025-02-23,2023-12-02
362527675,742526172,N,Y60334277,2025-03-20,2023-08-26
297734254,657258740,D,U93571615,2024-09-21,2024-04-11
852721859,943004226,N,K92285746,2024-11-21,2023-09-19
445181476,576614929,D,T35551586,2024-08-03,2023-11-17
53964403,303345976,D,N70261732,2024-09-23,2023-11-22
281164276,975618716,D,L77174165,2025-04-14,2023-08-26
56955310,234887415,D,X58746138,2024-07-28,2023-06-19
870600582,588839997,D,P36020621,2025-02-08,2024-01-19
295275437,107312372,N,O19187962,2024-12-04,2024-03-27
669560850,881836743,D,L96252282,2025-02-08,2023-09-19
563952555,481372140,D,J54619240,2025-09-28,2024-04-06
580471889,396367330,D,I74797708,2025-04-14,2023-06-29
207248180,177244415,D,U62175533,2024-12-07,2024-04-06
330308031,529905877,D,B36757582,2024-11-19,2023-08-07
582492533,278705100,N,X99362870,2025-04-25,2023-11-27
756466816,227215107,D,W01954346,2024-11-20,2024-02-10
205925856,913657125,D,W34912018,2026-01-15,2023-10-17
934420247,231516218,N,F55053746,2024-06-07,2023-07-02
824142060,155911553,D,K24371887,2026-03-21,2023-06-10
249828423,805156443,D,X80150519,2026-05-14,2024-02-13
225772424,280146746,D,I10682116,2025-08-26,2024-04-10
806769048,902468364,N,G79344143,2025-05-14,2023-07-09
478982299,467912092,N,Q82267299,2025-02-23,2023-11-20
987247738,952559114,D,W92878574,2024-09-06,2023-10-02
244321723,104256314,D,Y97891165,2025-03-19,2023-07-31
32590959,395777613,D,U08545946,2025-04-14,2024-01-18
20648640,448898316,D,L46381978,2025-11-04,2023-08-02
248361033,161736279,D,S92992797,2026-01-03,2024-01-07
957924697,580926353,D,Z64524209,2025-08-21,2024-02-09
591650241,344517842,N,G66048970,2024-08-17,2024-01-20
479507245,607942948,D,S79890878,2025-03-18,2023-11-04
987105265,442026956,D,O36052111,2025-01-23,2023-06-09
481767234,745636178,D,V47921354,2026-05-06,2024-03-26
45716084,165177015,D,H79694574,2024-06-20,2023-07-19
462837594,161638185,D,T05283973,2024-07-10,2024-01-09
959039963,749747981,D,I32076668,2025-10-23,2023-10-16
550523707,445852950,D,L06135414,2026-05-16,2023-10-13
864882608,911254027,D,V19194939,2025-11-19,2024-05-20
252035896,741743176,N,P46201361,2024-08-24,2024-02-05
798239845,325147330,N,Y33671191,2026-01-14,2023-08-08
619298395,610832951,D,P35025821,2025-10-23,2023-09-13
940052320,74980968,D,J66534694,2026-04-12,2023-07-12
747662825,782696042,D,O45262392,2024-06-21,2023-12-11
413094713,245554287,D,O05523752,2024-09-22,2023-11-09
479974017,726164984,N,H29851171,2025-10-18,2023-09-17
866795091,632994870,D,U08346379,2026-05-16,2024-05-03
344239459,466133769,D,U55362911,2024-07-17,2023-08-17
536436909,625125643,N,Y90720343,2026-05-09,2023-06-06
17938748,635618049,N,E48340730,2025-05-08,2023-07-15
299667144,634485278,D,T53968211,2026-05-09,2023-09-09
44150090,275311307,D,H67686070,2025-03-05,2024-05-19
820943265,923199338,D,T64101005,2025-01-15,2024-02-08
725478989,836921044,D,V47200262,2025-10-11,2023-10-28
632109108,496530480,D,F18220957,2025-08-06,2023-07-21
871135928,628431843,N,W08927836,2024-07-29,2023-09-02
217348506,942490449,D,H38639150,2025-07-20,2023-10-04
83167946,884759342,D,U27581121,2025-03-25,2023-06-18
561981662,53837394,D,G15090547,2025-02-17,2024-01-29
42423162,374292559,D,G57771856,2026-03-07,2024-04-08
630459674,221581353,N,J85030405,2025-09-19,2023-07-01
571311070,221226460,D,V60827471,2025-12-23,2024-05-02
80635614,710182565,D,G40210961,2025-09-28,2024-05-07
791105271,726289255,D,V79118601,2025-06-19,2023-11-12
166488063,878725562,D,H08700354,2024-10-31,2023-12-31
671762618,656894984,D,G30438426,2024-08-29,2023-09-11
483957533,279575015,D,S71331186,2025-10-16,2024-04-03
302776940,323429811,D,P59614053,2024-12-08,2024-01-04
725604403,95931235,D,O03215809,2025-10-22,2023-11-25
917557847,907804780,D,W17165588,2025-01-19,2024-03-28
883676677,721551795,D,L26209707,2025-06-01,2023-08-02
389353098,667754291,D,F22475405,2024-07-09,2024-03-09
666196413,941874817,D,N42014936,2025-01-01,2024-01-29
261173690,504926110,D,I95640949,2025-02-05,2024-01-07
922672209,595015813,N,R69485585,2024-12-20,2024-04-18
478613393,481124584,D,M33162174,2026-05-29,2023-10-14
793841704,517498901,D,T80206231,2024-09-05,2024-01-31
334974055,931737273,D,P78694631,2024-10-30,2023-08-05
699110018,951378717,N,P07722434,2026-05-12,2024-05-26
122056448,473876910,N,Z72217123,2025-02-22,2023-07-06
820271688,545247608,D,S72513886,2025-03-05,2023-08-06
36709727,971867,D,A07994755,2026-02-25,2023-09-14
862286538,536661269,D,D57511976,2025-09-16,2023-09-29
323992421,578138042,D,P88529934,2025-04-22,2024-04-30
983995297,50633279,D,P14286117,2025-06-17,2023-10-17
146666201,910670396,D,J78719055,2024-12-15,2024-03-07
405507277,712977647,D,I10763311,2025-08-21,2023-10-05
709563380,111783205,D,L88220227,2025-02-16,2024-05-20
416742787,361224897,D,R32234651,2024-09-17,2023-10-23
877869031,128128958,D,Q77754375,2025-08-19,2024-03-04
522744365,588871866,D,H72008581,2025-04-26,2024-05-15
411138533,806255486,D,S22087377,2025-07-06,2023-09-15
801941070,959826841,D,H21606071,2025-11-06,2024-04-26
498987753,176825009,D,U84235763,2026-03-25,2024-01-11
609291049,492090559,D,D30429243,2024-12-24,2023-08-30
907354155,723157558,D,V09140467,2024-08-31,2024-04-11
730899161,373473767,D,C70339301,2024-08-31,2024-03-30
986647695,159039359,N,U23780159,2026-03-09,2024-03-01
159092322,54928052,D,T85954676,2025-09-07,2024-06-04
267726099,373413622,D,Y57648558,2025-07-29,2024-02-16
396573157,145548202,D,N45042087,2025-03-28,2023-12-29
864350856,205181740,D,V68779250,2025-06-10,2023-06-23
75903732,451362563,D,Y71898729,2025-03-11,2023-08-20
994008263,482661622,D,O17232293,2024-09-02,2023-10-12
146743872,564430380,D,O81222866,2026-03-19,2024-03-30
152008376,468664660,D,Z69192298,2024-12-31,2024-01-10
579947311,904656478,D,R31464108,2025-01-27,2023-11-24
296617878,564771564,D,I69269823,2025-02-14,2023-11-02
924406530,500194256,D,B82186583,2024-09-29,2023-10-31
301311725,926099738,D,K62301468,2025-02-08,2024-02-03
987415720,725819385,D,C83295324,2024-12-25,2023-09-17
990399767,36114477,D,B47208427,2025-01-21,2024-04-07
692093513,211343570,D,V02484848,2026-01-17,2023-06-23
11628419,719014043,N,A20005933,2024-07-23,2023-08-29
289770188,414118328,D,V72852014,2025-09-19,2023-08-04
378483173,224313949,D,N99816355,2024-07-11,2023-10-09
311334655,716072531,D,W54400280,2024-11-18,2024-04-03
139914957,964532112,N,J95892844,2025-11-20,2024-05-14
793663568,498306983,D,H83848178,2025-08-25,2023-08-04
271056932,837768063,D,D59214773,2025-05-01,2023-08-22
156640127,467661189,D,K17943951,2026-03-15,2024-04-22
626528628,800734777,D,C96550408,2026-05-07,2024-01-01
102073494,112718672,N,Q28357015,2024-12-30,2024-01-07
106625386,263592867,N,P95812768,2025-08-16,2023-08-31
65774206,657827145,N,U51020340,2025-02-03,2023-11-26
557377635,262094284,D,S66333595,2024-09-05,2024-05-21
837985191,269300059,N,A10935866,2025-04-22,2023-06-28
197506303,465218874,D,F01525790,2024-10-30,2024-01-19
326832998,291835835,N,R80955395,2024-08-11,2024-02-15
169457733,22694417,D,D58934795,2025-10-05,2024-01-29
508728946,294696563,D,J56673957,2025-12-19,2023-10-26
797803608,856827158,D,M07198205,2024-11-19,2024-03-27
878676277,231052318,D,Q84139097,2024-10-07,2024-04-30
809906340,976691149,D,S54872450,2025-11-01,2024-02-09
458628566,189218095,D,V29237853,2025-04-07,2024-04-01
827972114,405747911,D,P81151722,2026-04-18,2023-08-25
759878719,568891255,D,O84826054,2026-05-25,2023-06-19
357935224,876082571,N,E62924246,2025-02-16,2023-06-18
798771898,122274253,N,H22193106,2026-06-04,2024-01-22
697614362,559312460,D,K87605893,2024-10-25,2023-08-12
442299173,166856277,D,T63524251,2024-06-14,2024-01-08
293088041,506749309,D,S81504429,2025-09-25,2023-06-21
368559691,429085620,N,R27465804,2024-11-19,2023-11-14
102595041,406294908,D,I21626584,2025-05-12,2024-02-08
949913450,949757707,D,O34632440,2025-04-26,2023-08-25
962026007,304448189,D,E59742367,2024-09-20,2023-07-16
51984527,474168124,N,V10565918,2026-04-21,2023-10-18
759876484,616349074,N,C22368556,2025-07-20,2023-09-21
903900181,676503765,D,X08454456,2025-09-25,2023-11-15
341542462,874621894,D,H74725304,2024-09-14,2023-06-24
289155583,501430363,D,X28179711,2024-09-21,2023-08-30
239565747,127832179,D,I81270965,2025-10-13,2023-06-13
814713535,959735689,D,O07918993,2024-10-16,2024-03-28
242559089,148398127,D,I90070731,2024-11-12,2023-06-21
335852709,431116302,D,E78040403,2025-09-09,2024-05-05
929609946,446300457,D,Y90457637,2025-07-27,2024-01-08
289412109,958359203,D,D64401493,2024-11-11,2023-09-29
534703525,451594593,D,F83782373,2025-08-22,2023-11-30
940173174,342099551,D,Z39586793,2025-03-11,2023-10-25
696136943,7312196,D,W76859698,2025-03-08,2024-01-24
326485798,750147900,N,S60193285,2025-08-03,2023-07-14
382524959,714980645,D,N77536252,2025-03-03,2024-04-12
640265215,227188698,N,P71528251,2025-12-12,2024-05-27
306454326,903799998,N,Q67465090,2024-09-18,2023-12-22
24116986,628559274,D,R27759744,2025-08-25,2023-07-22
508597257,845300000,D,F49194855,2025-02-01,2023-10-18
970552605,798545237,N,S14350463,2025-01-07,2024-02-01
409739823,624071932,D,C02630655,2025-11-03,2024-05-12
728202493,208273458,D,K72581559,2026-02-23,2024-04-13
424141318,492100047,N,S13165653,2026-05-29,2023-09-08
551463226,657250732,D,Q43817440,2024-09-18,2023-08-01
447338888,91497261,D,I20096680,2025-02-11,2023-09-10
651666700,86496470,D,N38092913,2025-10-23,2023-06-28
600654824,193599994,D,Z61432167,2025-11-24,2023-10-28
781358193,544398373,D,L21389082,2025-08-09,2024-01-08
495811878,20922664,N,P85925131,2025-08-17,2023-11-16
382127772,442335585,N,Y69643162,2026-04-30,2023-11-03
23885819,122835927,D,E87667474,2024-07-07,2023-10-10
75168433,406487656,N,K35938539,2025-08-17,2023-12-06
95096985,565227273,D,L44664754,2025-01-11,2023-12-27
425944880,319697197,D,H36154504,2026-05-30,2023-08-19
782971963,664765563,D,N64886478,2025-10-21,2023-11-25
321041055,99695312,N,R87804429,2025-07-01,2023-11-09
546446451,798340678,D,Q49750502,2026-01-11,2023-12-23
683412151,770014918,N,H26146319,2024-09-17,2023-10-19
2842178,259812497,D,G99519853,2024-07-11,2023-06-26
212670983,401007383,D,M92454484,2025-08-06,2024-03-03
88669808,576962236,N,A49195566,2025-12-29,2023-09-12
867195478,98880789,D,Y32668334,2025-07-12,2024-05-04
272170753,578891977,D,N43096855,2026-01-08,2024-02-17
21944621,235037351,D,J38051698,2025-05-03,2023-12-05
955501987,810800106,D,Q62827381,2026-01-10,2023-07-22
809031420,716877289,D,K82334855,2025-09-27,2023-08-10
955667010,852631383,D,L80763099,2024-07-29,2023-09-15
987099993,104318258,D,F73845846,2025-10-31,2024-02-29
600013569,692640716,D,N67414806,2025-03-11,2024-02-02
187962951,122291697,N,Z32628553,2025-01-20,2024-02-06
412024006,143565930,N,L63146222,2025-05-14,2024-02-06
346534023,868148088,D,L49479724,2025-04-08,2023-08-17
45449140,855650301,D,N42710491,2026-01-24,2024-01-31
140188794,933333450,D,R00809787,2025-03-09,2023-06-25
522962786,449126630,D,B62426648,2025-12-06,2024-01-11
44614398,345448313,D,T05866130,2026-04-04,2023-12-15
831014544,445179101,D,S59218904,2025-10-05,2024-04-22
926235386,685815532,N,C91173318,2025-08-24,2024-03-13
332767979,204736266,D,E64822569,2025-07-27,2024-05-30
842572041,916209824,D,D33992966,2024-07-25,2023-09-17
568722128,149440593,D,M39361666,2026-04-16,2023-08-05
463258644,329471159,N,P19793355,2025-03-30,2023-10-16
457099270,880335538,D,G29233296,2024-07-09,2024-04-27
221769599,421561466,D,Z98708565,2024-09-25,2024-05-14
976001123,972490590,N,R78629627,2025-10-10,2024-03-07
136898338,298929816,N,G75312854,2024-11-04,2023-06-10
375567141,768578424,D,O32733496,2025-02-01,2023-07-12
536768599,784696522,D,X76132343,2026-02-21,2023-06-11
137905469,929541020,D,E04016605,2026-05-17,2024-01-18
448998030,854627653,N,T28137922,2026-04-02,2024-03-19
727672827,272391259,D,I33336539,2025-06-11,2023-09-06
421773177,394393676,D,G55913559,2024-09-11,2023-11-27
113513261,418269480,D,N38957431,2025-11-20,2024-04-12
515825480,649818813,D,M39917593,2025-06-14,2024-04-06
503862564,372503125,D,M63829171,2025-04-28,2024-03-11
625976695,25553796,D,S60781577,2026-01-14,2024-04-17
321928134,79489303,D,H02911319,2026-04-11,2023-12-18
515253571,606884825,D,A12024159,2025-06-29,2023-08-25
287490235,224270530,D,V50062033,2025-07-03,2023-09-13
72143302,434784083,D,S75312450,2024-12-30,2024-04-05
280319969,846735738,D,J64189806,2024-08-20,2023-11-28
461427341,239648040,D,L39071368,2026-01-13,2024-04-20
821865898,615768584,N,T06453566,2026-05-04,2023-08-16
858414087,609064490,D,M66712380,2026-01-16,2023-12-04
118167716,413231902,D,J82735293,2024-07-03,2024-01-07
833683448,965577599,D,N28745826,2026-01-22,2024-02-03
606503629,697698653,D,J43868215,2025-08-20,2023-07-22
243245237,812499211,N,R65278421,2024-08-03,2024-01-28
284357459,62120264,D,K80609629,2024-09-01,2023-09-12
593465051,186812254,D,U77744869,2026-05-21,2024-03-17
876567164,16729234,D,F63455398,2024-11-16,2023-11-23
635354856,376685163,D,U47051898,2024-08-28,2023-12-28
125580094,677193577,D,G56275636,2025-10-02,2023-07-05
142828824,418295289,N,N74657445,2025-11-09,2024-01-25
499511915,689631356,D,Q54075554,2025-12-27,2023-10-22
908690203,394782633,D,O14768939,2025-02-08,2024-01-15
450264153,938893135,N,X70638289,2024-07-04,2023-08-16
507770046,885514953,D,X31826333,2026-03-31,2023-08-05
136923554,694703524,D,Z39736853,2025-02-22,2023-12-08
365667035,106521508,N,J75002178,2025-09-06,2024-01-03
73647766,675221208,D,S74287886,2024-11-18,2023-07-07
645814375,467834594,N,K03002638,2024-06-21,2024-01-22
855185572,738986376,D,N44728471,2026-02-23,2023-11-26
857057469,241687479,D,I43654069,2025-03-22,2023-07-07
164668052,355034804,D,K45117042,2025-07-30,2023-07-11
515365600,448952265,N,C75012096,2024-06-22,2024-01-01
157492559,628063015,D,C03411009,2024-07-10,2023-12-25
121712061,934995173,N,A42722815,2025-03-28,2023-12-26
790832496,91270395,D,N78916659,2025-06-24,2023-09-02
760935774,737739851,D,X70032162,2024-07-01,2023-06-29
630449845,824446205,D,G45505885,2024-10-05,2023-08-14
223004600,237574958,N,I28007248,2026-01-14,2023-08-13
428650223,609524854,N,J76020683,2025-02-23,2023-07-17
728447397,348969963,D,W53736351,2025-05-12,2023-11-09
997510219,645780950,D,F88078342,2025-03-30,2023-07-06
446937132,132954190,D,D16925797,2025-06-14,2023-07-20
697939175,619019427,D,P43463253,2024-07-25,2024-01-20
955099025,974565817,N,P54307368,2025-12-20,2023-12-19
791042728,619443621,N,K58514900,2024-10-17,2023-11-11
920866296,45394196,D,V98462527,2026-02-22,2023-12-28
78231596,68068917,D,T23508636,2024-12-08,2024-01-02
692622962,679724894,D,Y23085435,2025-11-28,2023-07-31
28723266,680205844,D,W36277312,2024-12-24,2024-03-25
103923854,423882183,D,U31778933,2024-11-07,2024-04-06
274102435,457764971,D,I44966078,2025-04-02,2023-11-29
756095437,843345272,D,A24619896,2025-09-25,2024-05-03
295720671,540890526,D,Y17946351,2024-11-19,2023-08-11
463478543,630519004,D,Y86736246,2025-03-14,2024-04-17
5021773,247794171,N,O29040001,2025-09-08,2023-09-20
783209945,244627365,D,U50356757,2024-10-06,2024-02-19
987126204,451134683,D,S67266641,2025-07-14,2024-03-29
110706378,199126856,D,O13532077,2025-12-31,2023-10-15
6541056,970414446,D,A92461407,2025-02-14,2023-11-11
659188366,239453186,N,U18823600,2025-05-04,2024-04-25
719660818,467710687,N,O24137922,2025-11-04,2024-03-05
459331615,952825911,D,F02084227,2024-07-20,2024-01-13
196637881,824719143,D,A28844582,2024-08-01,2023-06-29
662107022,292297383,D,Z18687179,2026-01-03,2024-02-06
820081631,417700580,D,K28194358,2025-10-17,2023-07-14
551165869,423190785,D,E28926924,2024-08-08,2024-05-28
916240251,80801241,D,T17999682,2025-03-25,2024-04-09
992637792,559582915,D,J60339246,2026-02-24,2024-04-25
921630657,695184224,D,H84523069,2025-05-20,2024-02-05
689860676,172110485,D,J73927016,2025-01-01,2024-04-21
512049867,893963699,D,Y67355370,2025-03-25,2023-09-30
305935993,239266502,D,M89481352,2025-09-16,2024-04-11
601209691,684947206,D,L83667124,2026-01-08,2024-05-23
141231128,254649753,D,H69254392,2025-01-28,2023-10-03
843407069,889847841,D,S80365607,2026-05-23,2023-10-22
881160872,969497433,D,S01936077,2024-08-26,2023-06-16
802120040,531449198,D,X61726819,2025-08-26,2023-12-19
816152503,967572413,D,C56682780,2025-04-11,2024-05-27
835382532,725413391,D,B22317180,2025-11-20,2024-02-19
733623387,27070441,D,F03516679,2025-08-10,2023-11-30
237696505,687397256,D,V01618690,2025-09-02,2023-07-01
514271051,436902034,D,V51611748,2025-12-10,2023-07-23
854510658,169455780,N,X46343008,2024-11-07,2024-05-06
999658676,298361916,D,M47462334,2024-08-26,2024-04-01
685140650,318839654,N,R23419765,2024-11-27,2023-10-15
188483617,505297342,N,P11302756,2024-12-03,2023-10-10
369759349,404869942,D,M86158488,2024-11-25,2023-07-24
544174691,39487457,N,H44403048,2025-04-18,2024-05-02
120966236,452382804,D,B16585163,2026-03-18,2023-06-27
2885703,674695118,D,W63405281,2024-07-03,2024-01-07
496239427,491994726,D,R23090131,2024-10-26,2024-02-19
720870780,776423370,D,R89481949,2024-08-17,2023-08-05
444247789,479377359,D,L79078577,2025-02-26,2023-09-30
692650509,923624032,D,R13590240,2026-02-14,2023-11-14
685318743,6440272,N,U56686960,2026-05-15,2024-03-16
426495396,625962735,N,U97974086,2025-02-11,2024-03-23
138099210,542238428,D,C36625079,2024-07-16,2023-11-05
589403542,748826462,N,S72523855,2024-11-26,2024-03-15
366447735,908339353,D,J44133794,2026-01-29,2024-03-14
86519643,149024870,D,X29521005,2026-05-30,2024-04-05
767033296,546009253,D,W50022714,2025-07-26,2023-08-16
464552085,92108769,D,U58244812,2025-04-30,2023-09-05
869474789,450509383,D,Z21171207,2025-12-24,2023-09-10
913850572,606181346,D,O80831802,2026-04-16,2024-04-27
841104449,63783577,D,K67533728,2025-01-21,2023-07-23
571024618,498987722,D,Y05836964,2026-01-14,2023-08-19
860464252,348543345,D,M92708964,2025-12-05,2024-01-06
976107248,883689517,D,G57045655,2024-08-09,2023-09-08
978325314,664058396,N,S90953348,2025-07-31,2024-04-26
401972779,258382782,D,G98659517,2026-01-24,2024-01-26
51007124,365449899,N,N79785683,2025-06-27,2024-03-14
430354096,520393930,D,Q89971776,2024-09-10,2024-02-18
296268028,131325504,D,T00245215,2024-12-14,2023-08-18
974047337,36963885,N,G50861065,2024-09-23,2023-09-02
226030301,105145265,D,I61907132,2025-05-31,2023-07-07
31741324,728206904,N,L93054469,2024-08-22,2024-04-21
220503007,986639948,D,Z80748262,2026-05-06,2024-04-15
28089615,666846300,N,T65008491,2026-05-25,2024-02-09
339272923,469362887,D,Q92300573,2026-05-29,2024-03-29
796781448,864763871,N,S99763688,2026-01-07,2023-10-16
730348879,319761464,N,Y14812939,2025-09-03,2023-09-14
613116807,275814271,N,G36618697,2025-03-30,2023-09-19
683912935,128329949,D,S49190494,2025-07-04,2024-05-19
851098382,16333562,D,Z25868051,2024-10-21,2023-10-14
804178815,663115642,D,X84448215,2025-02-06,2023-09-22
950189527,147425400,D,G30605155,2024-10-07,2023-12-25
463825626,654541474,D,V96081312,2025-08-31,2024-02-06
23586691,642875055,N,B99521555,2026-06-03,2024-04-01
192152323,482924253,D,W82658632,2026-04-15,2024-01-22
533178347,450382801,D,T78027195,2026-04-07,2023-06-12
775938016,335958234,N,M03133873,2026-02-17,2023-07-09
666946814,756610887,D,D13755340,2026-02-10,2023-06-10
851017418,775059673,D,Y64916464,2024-06-05,2023-12-05
633570159,577245224,D,L16450651,2025-08-30,2023-06-20
959346510,358715576,D,G19358226,2025-02-01,2024-03-30
48115120,122459997,D,L37945899,2025-05-06,2023-10-30
601799482,48698821,D,N18973760,2024-12-18,2023-12-18
548362468,323708387,D,P36292295,2025-05-15,2024-03-21
720525686,333998059,N,J66674795,2024-08-23,2023-10-30
503696780,324073455,D,X98881884,2025-11-30,2023-07-08
865868347,195368622,N,C59862024,2026-03-28,2023-08-14
999721139,428626114,D,M68116061,2026-05-23,2023-09-20
710063136,87820726,D,M60546493,2025-05-24,2024-04-27
468731379,252277988,N,Z96550118,2025-05-29,2024-01-17
340696790,122399159,D,I86309981,2024-08-29,2024-01-31
101209785,412434915,N,T23181953,2024-10-29,2024-01-11
627043773,86993427,D,N55645622,2024-07-23,2023-11-14
464414550,581301798,D,F50367527,2026-01-27,2024-03-04
950831093,990209440,D,V40136966,2024-09-15,2024-01-31
465123353,985004127,N,B81550566,2025-08-03,2024-01-21
561059247,876504521,D,J99425760,2026-01-15,2023-12-25
519709221,612881850,D,T59880567,2025-05-16,2023-08-20
83364021,822338312,D,T38016832,2024-10-03,2023-08-24
612756220,886143277,D,D25094591,2024-09-04,2024-03-16
576259536,261895223,D,N84710396,2024-10-02,2024-02-23
972898130,232878123,D,O63645597,2026-03-13,2023-10-16
321909674,269225280,D,H54162681,2025-01-19,2023-10-07
616372548,716603684,D,D56017407,2024-08-15,2023-12-17
791323301,325118369,N,R96444763,2024-10-22,2023-11-28
713608255,787857742,D,O86403193,2024-08-22,2023-10-07
781539372,57887711,D,X10792120,2026-04-01,2024-03-06
839665135,925624304,N,N04272937,2026-02-17,2024-05-18
452639227,155594203,D,D06375977,2025-09-25,2023-11-19
865372869,142760364,D,L12395855,2025-08-04,2023-11-11
1061084,287430727,D,F98154950,2024-11-29,2024-04-28
451768052,217678864,D,Q12299373,2024-11-16,2024-02-17
863741857,816830349,N,G73446156,2025-06-05,2024-01-06
25790055,463400948,D,S31527761,2024-12-30,2024-03-26
486026323,635140898,N,N72556459,2024-07-22,2024-04-07
357805796,920717337,D,P52980224,2025-08-13,2024-02-12
985833982,335508644,D,U90983113,2025-05-15,2024-04-12
262746818,883391320,D,I42663241,2025-07-26,2024-06-01
257487295,521327938,N,Z22435467,2024-07-12,2023-12-02
635593262,692371422,D,F06531598,2025-03-21,2023-09-27
600406933,72180884,D,Q09365913,2024-09-07,2024-03-11
733644504,694109588,D,H62783121,2026-04-03,2023-06-18
773864245,414384887,N,M55327856,2025-12-16,2024-05-27
455295077,636037955,D,G31247955,2024-07-08,2023-06-27
192037709,722508145,D,X57200413,2026-01-29,2023-08-05
532572183,438270300,D,I04127498,2025-04-20,2023-10-06
500146852,584819045,D,J24612158,2026-04-16,2023-12-18
917124300,59319724,N,S61520754,2026-05-20,2023-07-01
455448344,440353593,D,C13539339,2024-11-07,2024-02-26
839923214,519157797,N,W93847454,2026-03-16,2023-12-17
676352447,891103438,N,A17193405,2025-03-01,2024-05-24
188696551,332880109,D,B02566845,2024-12-22,2024-02-25
398449452,988326847,D,T01948514,2024-10-15,2024-02-01
38779278,227038106,D,S57458166,2025-12-02,2024-03-21
39564590,446706667,D,U59353105,2025-02-01,2024-01-15
183905616,67190643,N,L82958454,2025-12-09,2023-10-11
220643331,703507740,N,P10832261,2025-09-13,2023-12-01
110993314,405996875,D,C98465134,2026-02-20,2023-10-06
84691841,35803031,D,B76477369,2025-03-17,2023-06-10
664172268,519092157,D,M76313714,2025-05-07,2023-12-05
596934553,242137727,D,C05025788,2025-12-18,2023-10-02
602676729,497350746,D,Q05385284,2024-11-05,2024-03-15
923937173,442869865,D,T70199327,2025-05-14,2024-02-13
853658846,29807099,D,P96698154,2024-09-09,2023-07-05
645634927,365615999,D,S90676767,2025-11-19,2023-10-26
199671180,106275216,N,K30034610,2024-11-20,2023-12-03
442921650,964617167,D,N13309433,2024-08-10,2023-11-08
90353781,629138007,N,H28241499,2025-10-15,2023-06-07
819426163,760183358,D,D02424736,2026-05-06,2024-01-04
971332193,296368318,N,Z37049243,2025-06-18,2024-02-09
164817045,253118027,D,R31860095,2024-07-14,2024-04-10
192954268,7249844,D,D80023252,2026-01-15,2023-10-11
782437268,691348369,D,P44915898,2025-12-21,2023-06-06
184352783,2795864,N,U26006611,2026-03-31,2023-09-03
942060498,784316224,D,V11039051,2025-09-03,2024-02-15
968706526,658822101,D,M86398060,2025-11-13,2023-07-29
439378716,713466355,D,E96270300,2025-01-28,2023-09-22
47526124,352001693,D,I85122558,2024-10-12,2024-02-25
558748727,281367108,D,Q34683991,2026-05-04,2024-03-25
394576276,366793344,N,A64184530,2026-04-30,2023-09-19
129681161,521146041,D,C33427286,2024-06-10,2024-06-03
165916146,90304245,D,A53558391,2025-02-20,2023-06-29
531224475,752007013,D,K63776776,2026-05-19,2024-01-21
933743091,633274930,D,N36174853,2025-04-19,2024-03-08
497859000,52919626,D,K98791371,2024-09-03,2024-05-21
883566134,222484864,D,A10318822,2025-01-17,2023-10-24
195537590,922922106,N,K56770105,2025-10-26,2024-04-10
384555506,647395090,D,G45835723,2026-02-08,2024-05-03
250322710,560963359,D,N72216085,2024-12-29,2023-10-21
621680901,1728517,D,R39509492,2026-04-28,2023-06-21
359153881,908659178,N,P36648966,2024-11-12,2023-10-03
629942249,236860626,D,I20827246,2025-09-07,2023-06-23
197032087,205473011,D,U90288610,2024-10-05,2024-05-11
682153843,7312902,D,H55564702,2024-07-29,2024-03-30
867163089,231675467,D,T28045698,2025-04-07,2024-04-07
840131195,574997446,D,Q87018408,2024-06-26,2023-12-24
621206774,625264679,N,W36556679,2025-03-19,2023-07-15
15525955,555908097,D,O50929419,2026-02-25,2023-07-16
653751791,203190238,D,K71140813,2026-03-12,2024-03-10
494701995,492213343,D,H76103496,2026-05-26,2023-06-14
722126589,156714702,D,R95491868,2025-08-26,2023-11-22
656474375,362183338,N,J31030166,2024-06-17,2024-01-01
139863919,512094442,N,D06347564,2025-01-26,2023-11-23
425286517,149617123,D,S89523595,2026-06-03,2023-10-23
490398013,527281325,N,X94435960,2025-04-14,2023-12-25
151556997,569948111,D,P87636645,2024-09-02,2023-11-11
631517133,846697141,D,T73315692,2026-04-08,2024-03-16
835512987,379560260,D,M55152185,2025-09-26,2024-01-05
979826645,355217261,D,V52121996,2025-01-30,2023-09-28
148298698,58090053,D,D13902178,2025-04-12,2024-05-26
966454132,177822217,D,G50461926,2025-04-26,2023-09-08
215112340,880592920,D,D07704983,2026-04-17,2023-07-04
973648156,463598451,D,E92765919,2026-03-12,2023-09-26
266164759,732030059,D,L74005356,2024-09-18,2024-04-07
450874658,753075043,N,F12622073,2025-12-14,2023-11-17
638917029,68660428,D,G73186956,2024-08-20,2023-11-18
50274268,115959746,D,E74464745,2024-12-08,2024-01-16
976773146,534297704,D,Y47408088,2024-11-14,2024-04-15
342947065,413103476,D,L09923963,2025-01-01,2024-02-23
965346652,31047468,D,J16683620,2025-04-15,2024-01-01
352456498,78247114,D,O09615817,2025-12-01,2023-10-07
17840139,735657969,N,D82607293,2026-01-10,2024-01-10
176966967,866689931,D,B65864984,2026-02-22,2023-09-30
668920825,46608353,N,G15345944,2026-05-19,2023-12-02
15193020,918380653,D,G27969049,2024-11-25,2023-07-19
935603941,830543260,D,S97210215,2026-05-28,2024-05-17
233406152,590308261,D,Z37603670,2025-07-18,2023-06-26
504998020,67397404,D,X10515763,2024-06-23,2023-07-14
766719699,340238074,D,W04882774,2025-05-10,2023-09-03
264154689,250759128,D,Z69483708,2024-07-09,2023-12-11
42711613,462031591,N,H01754506,2025-01-03,2024-02-03
42008502,926283965,D,N58208600,2024-08-30,2024-01-09
646000470,788896612,D,X86386182,2024-06-12,2023-06-08
253229795,244268100,D,A51561838,2025-07-10,2023-11-22
42705109,830151850,D,I66884260,2025-10-14,2023-07-24
971017103,583618575,D,S82742178,2025-06-27,2024-01-11
135076890,533372421,D,D27502714,2025-03-05,2023-10-05
42613852,298388366,D,N12017127,2024-08-02,2023-10-23
965066260,49839553,D,H51164304,2024-11-13,2023-07-11
985463636,469305683,D,P96292081,2024-10-25,2023-06-10
976839451,780903241,D,M64182746,2024-11-30,2023-10-13
787728933,832292260,D,U95354055,2025-08-22,2023-08-04
809045386,43481612,D,S92324413,2026-03-05,2023-11-11
986728182,818208233,D,Z25991376,2025-06-07,2024-04-20
30609455,4750224,N,O20882474,2025-03-20,2024-02-15
549890391,554664777,D,C77211423,2024-08-14,2023-09-16
54707237,480809787,D,K30008691,2026-05-29,2024-03-30
64544933,488670781,N,P35193620,2025-01-30,2023-08-06
951317701,933129298,D,S76922152,2024-06-12,2024-03-26
302282629,586997280,N,C22673676,2025-07-11,2023-09-22
561469922,134087390,D,V86552412,2024-07-18,2023-07-16
726056142,676769666,D,E93347801,2025-10-26,2024-02-06
456932257,247806588,D,Q13187150,2025-11-18,2023-09-28
793311334,667244549,D,I82151021,2025-06-29,2023-06-25
563400398,406619852,D,K46191186,2025-02-23,2024-03-04
727928531,628014321,D,V97519595,2024-12-08,2024-04-04
232229178,525774602,D,T14574342,2025-03-05,2023-10-05
554244162,782411463,D,B60459995,2024-09-02,2023-07-24
385396555,338566589,D,C17255858,2025-08-05,2024-03-15
696079020,527842341,N,W61008320,2026-05-26,2023-12-15
746032938,855678730,D,M69324516,2024-06-26,2024-02-25
860090025,462935304,N,X65619228,2025-10-17,2024-05-20
470917041,886719252,D,I14026917,2025-01-14,2023-12-14
217741478,895076119,N,Y55187439,2024-10-20,2024-04-17
837499255,571661942,N,Z11460672,2025-04-23,2023-11-03
402624206,960986023,D,R29908277,2025-12-18,2024-01-17
391339038,550083872,N,N62013018,2025-01-07,2023-07-17
633912535,492521642,D,B74139912,2025-01-22,2023-09-16
602710845,672941947,D,W48711577,2025-11-14,2024-04-30
329338343,42092961,D,M86093941,2024-11-28,2023-11-03
350091083,532689420,D,Y30756438,2026-03-06,2024-01-10
130685000,7980290,D,M88623036,2025-07-03,2024-01-18
58482194,102437406,D,B38573771,2024-07-20,2023-06-13
839133508,284965648,N,R85962669,2024-07-10,2023-08-10
699534820,321007931,D,B06339306,2025-06-17,2024-05-12
988330802,873881745,D,W00025369,2025-04-08,2024-03-27
845201993,906886287,D,F77792026,2025-01-21,2024-03-19
51859127,634659450,D,J58516222,2025-03-25,2024-05-11
326666875,160400203,D,E90188253,2026-01-06,2023-06-18
76575230,297448130,N,S82528961,2024-11-20,2023-11-19
153392572,25345452,D,N53248751,2025-07-15,2023-08-24
11987717,804557157,D,A39554306,2025-09-14,2024-03-31
237808045,75347629,D,P57131769,2025-10-19,2023-12-26
800560554,877771015,N,C25158839,2025-11-03,2023-11-26
905986943,754965064,D,N37437371,2024-07-04,2023-09-29
448184035,306801626,D,V36611435,2025-02-13,2024-05-09
982861302,746918483,N,D41574232,2026-01-09,2024-02-22
895778568,981105606,D,F51685335,2024-08-02,2024-02-27
529544745,370846531,D,G73549146,2025-03-24,2023-08-04
805357666,345049308,N,C93688867,2025-11-22,2023-09-23
292539225,495188100,D,Z39234846,2025-04-28,2023-06-29
723223405,566106575,N,D91895180,2025-08-29,2024-04-10
902483249,444227201,D,N25605431,2025-12-08,2024-02-16
496725638,97253818,D,K11136276,2024-12-06,2023-10-05
199207897,438958656,D,T05577775,2025-09-25,2024-01-25
566515205,526258867,D,V38576125,2026-02-18,2024-02-09
341298593,265702199,D,Y88718294,2024-09-08,2023-11-12
934256756,441985331,N,U94173464,2025-06-15,2023-12-12
982568729,784336067,D,J96726270,2025-04-03,2024-03-23
679900,326485289,D,Z10919372,2026-05-03,2024-04-21
471145311,873791648,D,A24444745,2025-11-18,2024-05-03
974163452,247270881,N,K63938456,2024-10-09,2024-03-14
532828773,674862710,N,J49144818,2026-05-21,2024-01-31
251434933,966793865,D,N08365077,2024-09-23,2024-05-05
746908754,671144560,D,U08586668,2025-06-24,2023-08-25
420369936,729156290,N,Q62914154,2024-10-29,2023-07-26
923715643,330259932,D,Q31058448,2025-08-05,2024-04-18
769539096,807057786,N,V10690171,2025-03-11,2023-08-03
655500077,288153817,N,B66879199,2024-11-02,2023-10-05
822718953,406284643,D,O64578304,2024-09-28,2024-02-01
618854005,548139084,D,H64142321,2025-04-12,2023-09-17
323934156,955620770,D,Z59489865,2025-07-28,2024-05-31
814260675,951366675,D,I64454170,2025-06-20,2024-01-28
10294651,206397443,D,F81329207,2025-09-14,2023-08-29
7393205,461582699,N,Z27093470,2025-11-09,2023-06-06
622988554,250910168,D,N42947239,2024-06-29,2024-02-20
450702744,792827586,D,C01523428,2026-04-27,2024-03-17
814329616,690718033,N,H23202921,2024-08-12,2024-02-16
437011903,950625019,D,U05571186,2024-11-02,2024-03-22
19651870,372906646,D,Y69510891,2025-12-07,2023-06-05
494224502,451352426,D,L47625409,2025-12-20,2024-05-03
140717587,52278879,D,Y29785457,2026-03-19,2024-04-24
67329316,217156896,D,M67303431,2026-01-28,2023-06-22
996672760,207044613,D,K86793738,2024-09-24,2024-05-07
584025747,226214035,D,T74956404,2024-12-15,2023-07-18
413487533,181703702,D,H73467889,2026-03-19,2024-05-03
875216688,902619250,D,I53311963,2026-01-15,2023-06-29
292845577,500026443,D,Y23993275,2026-05-27,2023-08-08
625698808,628040788,D,Y88417843,2025-08-24,2024-05-29
383284492,532997287,D,V55783816,2024-10-28,2023-09-13
776320700,570908158,N,A02459826,2025-12-06,2024-04-26
654215141,842837907,D,Y59051280,2025-06-20,2024-02-27
642945869,448145128,D,Y01588555,2025-08-30,2023-10-29
471886137,419949905,D,C06375038,2025-10-20,2024-04-29
874663682,348681500,D,W54763730,2026-05-13,2024-04-23
318520444,973082399,D,G95587845,2024-06-16,2024-05-21
463793398,137864733,D,R19171061,2024-09-22,2023-10-01
540364985,151808633,D,Z28312676,2024-07-18,2024-01-30
423944946,950297186,D,O38250678,2024-07-28,2024-01-21
845236381,671548097,D,H65124002,2024-10-20,2024-05-29
172029581,228638308,D,E60321088,2024-10-20,2024-05-20
126910319,733239821,D,L75997138,2026-03-11,2023-06-22
839509288,161047274,D,E47928721,2025-03-25,2023-08-28
837167571,548142128,D,Y44400339,2026-03-16,2024-04-04
200667684,944396500,D,S77003741,2025-09-20,2023-08-09
886209943,280980678,N,G90209984,2024-07-21,2024-02-27
980197997,193943592,D,S59493083,2024-10-22,2023-07-09
666240338,831775883,N,I11639240,2025-05-26,2024-02-13
405253295,288828322,D,Z66676551,2026-03-17,2023-10-10
708732645,855456915,N,C54770338,2026-04-22,2023-06-21
845915564,426208880,D,V82935652,2026-02-10,2023-09-12
301923184,870791902,D,V18147506,2026-01-03,2023-09-08
909024382,716308697,D,U45088041,2025-08-19,2024-05-30
224061565,942638161,D,W61221888,2025-03-24,2024-03-17
389778491,327930002,N,I05955984,2024-11-25,2023-12-24
743724429,682951291,D,M69317105,2026-04-29,2023-09-17
960805904,336729418,D,R37426998,2025-11-19,2024-02-11
976806131,176966770,D,A44577876,2025-12-24,2023-08-29
804206811,759425322,D,Y18284263,2024-07-20,2023-12-08
43738817,525278558,D,O96698129,2025-12-31,2024-02-20
519018952,764937082,D,M56456607,2025-02-14,2023-08-09
959727272,606948283,N,G87292052,2025-01-03,2024-02-25
213270965,324182633,D,A86656423,2025-04-15,2024-05-04
372229932,51619210,N,W35979989,2025-07-26,2024-03-08
652825571,76247071,D,H52390848,2025-10-24,2023-12-14
415806378,735424297,D,I36995158,2025-07-10,2023-08-21
663346286,475664995,D,R40838656,2026-02-23,2024-02-12
676689125,934278826,D,F89500849,2024-10-26,2023-12-09
589528933,834645943,D,C25316115,2025-06-28,2024-04-23
461644197,934365313,N,V64294957,2024-08-20,2024-05-24
501986859,892937215,D,T95124395,2024-10-11,2023-08-25
252471932,474117311,N,O39918122,2025-10-11,2024-01-09
879126124,763298556,D,D19230896,2025-05-12,2024-03-02
116410399,650273632,D,K25813461,2024-07-13,2024-06-01
152499049,343444276,D,U06279165,2026-02-02,2023-07-01
955864411,380596855,D,H26850345,2025-11-13,2023-10-11
448692184,384124193,N,H84948751,2025-11-16,2024-04-27
684830801,856216387,D,F35512426,2025-08-27,2023-10-02
340795696,889956849,D,Q40858715,2025-04-11,2023-09-07
468505606,413212379,N,N17790331,2025-09-11,2023-07-15
635138854,159304920,D,U68724215,2025-07-06,2024-05-22
427326444,562152633,N,A72621187,2025-04-05,2023-09-25
735512467,885171414,N,O89056347,2026-03-10,2023-08-02
530460695,274994148,D,Y33267669,2026-05-22,2024-05-03
774749191,820828174,D,S31618072,2025-12-14,2023-10-17
647086774,270079885,N,S50639434,2026-03-28,2024-04-17
32499653,989020448,D,H86527689,2025-10-12,2023-11-29
975863139,298874171,D,V38859336,2024-08-04,2024-02-14
569610907,869931402,N,F33394980,2025-03-17,2024-01-16
984101939,334284262,D,K15341924,2025-12-25,2023-07-24
567136601,669070427,N,G31196008,2025-06-30,2024-04-15
816448470,986991601,D,S02672402,2025-12-11,2024-01-02
990958043,134308351,N,E73284638,2024-08-09,2024-03-09
510467763,68968752,N,H74726986,2024-08-09,2024-01-28
188211608,104824136,N,Z37160087,2024-08-21,2024-01-19
940346073,497509082,D,Q30893025,2026-04-03,2023-07-25
829205379,512294464,D,R73810904,2025-03-17,2023-06-10
710373267,252694782,D,C83516009,2024-08-05,2024-06-01
40930879,865216302,D,S40250106,2024-07-11,2024-05-03
435161355,280346939,D,Z36417048,2025-08-19,2023-12-19
899457802,759535645,D,Q28811348,2026-04-02,2023-11-16
961515160,760645861,D,Y10377200,2025-12-18,2023-10-29
10029584,101610664,D,E69963849,2024-07-21,2024-04-22
660900965,260619537,D,P99388069,2025-12-21,2024-03-01
334481687,77906071,D,N43667475,2025-11-17,2024-04-06
771232765,134369540,D,G64214016,2024-09-17,2024-06-02
743652206,719297508,D,S05998985,2025-11-09,2023-11-08
4668311,519798524,D,B68275124,2024-09-06,2024-03-23
632454358,142855271,D,S92093129,2024-10-26,2024-05-29
563070915,475607509,D,Z28555855,2025-04-08,2023-12-21
530206814,675797827,N,K33751024,2025-05-12,2023-11-18
297317683,188375211,D,N23350823,2024-09-30,2023-06-12
203371365,32609385,D,L00049522,2025-04-28,2024-05-11
446151766,409887902,D,O94252650,2025-05-05,2023-07-03
763782531,489428532,D,R92705972,2025-01-16,2023-09-14
804328926,827927842,D,R50130880,2025-02-22,2024-04-19
586535436,836579301,D,J06450591,2025-04-09,2024-05-10
525488047,175705730,N,I93114985,2026-03-27,2023-10-20
123243968,196346706,D,R62880928,2024-11-29,2024-03-14
900366681,488999810,D,D84051026,2024-07-01,2024-02-17
386681442,471771505,N,J71462616,2025-04-23,2023-07-07
308768186,605473997,D,X23212773,2026-05-12,2024-01-09
205102920,91358425,D,Q63768046,2026-03-18,2024-04-02
893260972,25967922,D,L49369566,2025-02-06,2023-09-21
183314931,253205803,D,V02224659,2026-01-09,2023-10-30
863571927,963578629,D,Z16005152,2025-06-10,2024-01-20
563513634,863341531,D,C69424507,2026-05-16,2023-11-27
777743704,792410041,D,P95253090,2026-04-08,2024-01-05
813720630,11288022,N,X43539105,2024-12-01,2023-07-07
452505877,205918753,D,G39170285,2025-09-10,2023-10-26
773955394,195365586,D,H98928149,2024-10-12,2024-05-29
438793438,902531624,D,K92647669,2024-08-06,2023-10-20
714559837,593123236,D,Z17314306,2026-03-15,2023-11-04
382694840,331493624,D,E36911659,2025-07-19,2023-07-21
831751434,387127284,N,F24449155,2026-05-14,2023-06-14
851136462,34872472,D,N69939769,2026-04-13,2023-11-19
437670642,503333207,D,A24553879,2025-06-22,2024-03-07
458971024,558228783,D,Z50904712,2026-05-31,2024-01-10
739755815,802284187,N,V46291790,2025-12-03,2023-12-11
543049558,176299765,D,T92105856,2026-03-26,2023-10-18
168471267,910895080,N,O38833209,2024-09-29,2023-11-12
468269456,959573942,D,E65465148,2025-09-15,2023-09-20
683472592,798409436,D,E08484972,2025-10-29,2023-12-13
12625898,8415073,D,A11507671,2025-01-01,2023-08-31
70384993,599204861,D,C28109315,2024-06-19,2023-08-12
439151534,112279991,D,C32947395,2024-10-01,2024-04-13
150295876,318627206,D,R33891221,2026-01-23,2024-01-01
78450026,114002577,D,L80471819,2025-06-07,2024-05-30
700661092,933445612,D,I29880329,2026-04-09,2024-01-26
377377775,335808335,D,K56545346,2024-10-23,2023-12-15
539864842,525654336,D,V86071728,2024-08-08,2024-04-25
29174195,520071427,D,Q86856179,2024-10-18,2024-02-02
647249586,816394491,D,A31344652,2025-05-07,2023-07-16
996499114,784562442,N,T21864930,2026-03-26,2024-05-16
459377766,124169137,D,X02378816,2026-05-17,2023-07-28
760304416,350293820,D,B06668522,2025-06-06,2024-04-24
455686185,551444411,D,W96178980,2024-07-08,2024-03-10
217007124,339105271,N,Z15267628,2025-09-29,2023-12-20
254660807,128552579,D,I06732969,2024-09-22,2024-04-05
5561441,158223698,N,Q86890875,2025-12-20,2023-08-19
323804347,857109829,D,J59792083,2024-07-15,2023-11-14
191559588,939477526,D,E98789330,2026-02-06,2024-02-02
846999952,423260737,D,T01890623,2024-08-01,2024-02-10
964543459,36971554,D,X03331679,2026-02-07,2024-01-29
97320077,640354761,N,L73028229,2024-08-23,2023-12-31
983578504,531343691,D,L96770834,2025-11-08,2023-06-17
623208970,19938940,D,J28341917,2024-10-11,2023-09-07
815598977,528919858,D,F29470744,2025-07-12,2023-10-26
357275316,521285049,D,F06234485,2024-09-01,2024-01-30
870698218,774538958,N,L18083898,2026-01-10,2024-01-06
845886098,73803836,N,Z90900526,2025-08-16,2024-01-11
70921158,548678375,D,P17774146,2025-08-27,2024-04-16
851338882,248294742,D,T28695825,2025-10-02,2024-02-14
483321878,749660994,D,S66740060,2025-06-13,2024-02-22
688915658,400234883,N,A78362330,2025-03-10,2023-06-09
390957533,717680267,D,K05422582,2024-07-16,2024-04-09
661357714,499670233,D,B37875949,2026-01-24,2024-01-04
703960882,797562624,D,T81788402,2025-07-07,2024-05-21
428940707,310312729,N,S48119431,2024-12-11,2024-02-09
476625412,539100667,D,N59816982,2026-01-25,2024-02-11
119817916,167357953,D,Z73574197,2025-10-30,2024-01-04
143312525,343856753,D,P42145407,2025-09-16,2023-08-16
972315706,374963256,D,Q54661606,2025-09-12,2024-03-18
762681772,778739867,D,S67526281,2025-09-18,2024-01-01
32386189,248740118,D,V10880899,2025-08-01,2023-11-10
950308822,937021361,D,I51252169,2025-01-16,2023-11-15
324648326,740545097,D,B85545208,2026-04-04,2023-07-20
836313942,959707273,D,N26258185,2025-07-15,2024-03-07
236086078,334710364,D,H98343930,2025-10-13,2024-03-26
635585408,393456877,D,U93680623,2025-11-14,2024-04-22
708351588,352441442,N,R04284973,2025-03-02,2023-11-04
23712266,518096523,D,N63262946,2025-06-21,2023-11-18
572966199,190945819,N,Q62689386,2024-10-18,2024-03-05
538946797,674883720,D,M61330327,2026-04-24,2024-02-07
771375223,167372195,D,D65954540,2026-01-29,2024-05-15
80200759,893454221,D,Q88855212,2024-11-11,2023-09-12
968225370,336586224,N,R42291515,2025-07-29,2023-12-26
900857530,384256581,D,M65170800,2025-05-27,2023-06-07
283163888,398760359,D,F24622646,2025-08-31,2023-07-30
824428603,820689130,D,I73020717,2025-10-19,2024-01-30
825002357,65044770,D,T00247774,2025-03-08,2023-11-21
228545851,151759643,D,Q01071936,2025-08-21,2023-07-06
565792110,118039273,D,U24251543,2024-09-12,2023-08-12
928422556,139701201,D,U04344314,2024-11-25,2024-05-10
681797782,469597275,D,G33731533,2025-02-12,2024-04-02
837481631,880393572,D,A07244841,2024-09-18,2023-08-23
39966522,803600225,D,E14879249,2026-02-02,2024-02-15
695959800,514799681,D,U16181363,2024-12-23,2023-10-23
509764090,514066299,D,V11069135,2024-10-28,2024-04-01
144876063,903182640,D,Z48258548,2024-08-06,2024-05-22
871449206,562601955,D,Q20507341,2026-01-20,2024-03-31
353795115,319651934,N,C62151035,2025-02-20,2023-11-29
201097416,388661576,D,M42573983,2024-12-03,2023-07-22
840080665,341236762,D,R27299697,2025-11-24,2023-09-29
263847677,235891127,D,A81723216,2026-01-06,2023-06-26
463428756,577006560,D,B59207405,2024-08-13,2023-10-09
243843791,480369850,N,H18809591,2025-06-04,2024-04-24
134042495,861674225,D,C97823350,2024-10-27,2023-09-17
875212152,549793972,D,E24988337,2026-06-04,2024-05-23
737516415,647008511,D,J98868550,2026-01-20,2024-05-17
662793895,681343556,N,F10605624,2024-12-18,2024-01-08
720425919,670106606,N,N31555462,2024-08-20,2024-03-03
541545769,951683616,D,Q34466880,2025-07-30,2023-08-13
444171820,883864919,D,Z94389000,2025-01-14,2023-10-02
834792522,875696897,N,X25332613,2024-06-09,2023-07-15
79876328,111045661,N,O33277987,2025-11-01,2023-12-01
206978766,780364102,N,M44893543,2024-07-14,2024-05-08
330608114,330699781,D,Q54748614,2025-05-22,2024-02-27
851215735,158206649,N,H49815135,2025-09-12,2023-07-10
803871654,3941231,D,L69355141,2026-04-29,2023-12-26
844674628,623934321,D,Z50891950,2024-12-03,2024-05-02
783332107,540143243,D,N10800783,2025-09-23,2023-08-17
360113061,264970996,D,D54959562,2024-09-28,2024-04-25
232946881,351857462,D,J82422176,2025-07-23,2023-07-27
24507108,967360823,D,K88143113,2025-02-26,2024-04-04
614457631,527957104,N,P28531509,2024-06-08,2024-03-31
287061723,232786699,D,S70860750,2024-11-22,2024-03-06
78110772,388199717,D,I15181916,2024-10-18,2023-07-24
492709844,382322808,D,M40454995,2025-05-16,2023-08-10
384094818,938300911,D,S10641246,2026-06-03,2023-08-10
45445976,485938713,D,X17643640,2025-08-18,2023-06-20
870569069,948131498,D,D26463135,2026-01-20,2023-10-03
502351437,732541387,D,R60666749,2024-08-30,2024-03-10
738369819,893065351,D,J80937534,2025-03-04,2023-10-04
716518261,818289303,N,J71290765,2025-06-11,2023-11-21
851855393,720012870,D,M46477247,2025-06-20,2023-12-15
707834352,591046776,D,Z12850324,2025-12-10,2023-07-27
122237105,41372354,D,Z16963414,2024-12-28,2024-04-22
552070451,837105928,D,P21477491,2025-08-18,2023-09-29
354771454,312371407,D,L34099764,2024-12-10,2024-04-01
47371575,21257012,D,O57785859,2026-03-19,2024-01-14
492076462,153172559,D,X36103600,2025-08-13,2023-10-05
705731768,731893521,D,B41056122,2024-07-25,2023-12-31
