cod_vehiculo,cod_vehiculo_estado,anio_fabricacion,fecha_ultimo_mantenimiento,fecha_ultimo_viaje,capacidad_carga,cod_vehiculo_marca,cod_vehiculo_tipo,placa
1,D,2013,2023-08-11 02:38:15,2023-07-05 02:48:00,4107,S,P,M7H-984
2,N,2008,2023-06-18 19:35:27,2024-04-08 09:02:57,151,S,P,XBO-831
3,C,2015,2024-03-23 19:51:34,2023-10-07 03:18:20,2096,F,C,E6Y-375
4,D,2018,2023-07-27 08:39:05,2023-08-17 04:32:28,4945,S,C,0JM-109
5,N,2011,2023-10-04 13:48:31,2024-05-17 02:07:07,4893,F,C,R58-227
6,C,2013,2024-03-09 18:00:43,2023-07-11 05:20:29,4091,F,P,A2M-539
7,D,2017,2023-12-26 13:49:01,2023-09-30 05:06:33,391,C,C,04T-559
8,N,2014,2024-03-13 15:02:44,2023-11-19 23:07:34,4855,C,C,VC3-629
9,C,2015,2024-04-10 00:52:20,2024-04-15 11:11:15,1883,S,R,Q1V-428
10,D,0,2023-09-01 18:09:59,2024-02-11 04:32:32,1109,F,P,LZ3-989
11,N,2008,2023-12-16 01:54:07,2023-07-10 11:03:47,3501,S,P,3QX-306
12,C,2009,2023-11-19 21:54:39,2023-12-20 19:05:49,1209,F,P,ILQ-473
13,D,0,2023-11-29 08:11:58,2024-01-14 13:33:18,3883,C,P,1D3-272
14,N,2011,2023-10-14 17:11:50,2023-11-02 00:47:20,1189,F,C,ZE6-758
15,C,2015,2024-01-25 01:02:23,2023-08-17 14:43:39,4726,S,P,9DA-234
16,D,2008,2023-12-10 18:34:17,2024-03-24 13:35:16,620,C,C,RSN-440
17,N,2013,2023-07-13 01:46:05,2024-01-14 08:57:28,1474,C,R,SGH-466
18,C,2013,2023-08-28 13:02:19,2023-12-29 12:36:52,558,C,P,UQB-499
19,D,2011,2024-01-20 07:21:01,2024-02-12 05:15:17,1729,F,P,4EY-530
20,N,2018,2023-08-14 20:04:59,2023-07-09 13:07:55,4385,S,C,44J-413
21,C,2014,2023-06-18 08:06:20,2023-11-01 11:40:05,2566,C,P,JNM-100
22,D,2012,2024-01-19 17:36:30,2024-05-30 08:57:54,924,S,P,AJP-621
23,N,2014,2023-06-10 23:36:18,2024-03-12 08:17:42,1543,S,P,KOC-733
24,C,2017,2023-11-15 15:28:23,2024-02-23 03:43:38,2145,C,P,MB7-622
25,D,2010,2024-05-01 03:51:13,2023-11-12 15:32:39,1521,S,P,8EC-887
26,N,2006,2023-08-12 10:33:54,2024-05-31 22:07:45,2545,F,P,5XQ-757
27,C,2004,2023-12-13 09:31:37,2023-09-29 16:42:51,2005,S,C,YNJ-103
28,D,2018,2023-11-13 02:31:32,2024-03-19 07:51:51,2289,C,P,F8F-678
29,N,2006,2023-07-06 20:48:32,2023-08-07 11:13:44,167,S,C,65C-389
30,C,2015,2023-08-21 21:54:40,2023-11-21 15:33:01,2110,S,P,Q7M-617
31,D,2011,2023-08-07 03:40:53,2024-02-06 03:42:10,128,F,P,OCS-678
32,N,2006,2023-12-27 12:26:12,2023-09-22 17:54:05,1292,S,C,TCW-027
33,C,2018,2023-11-24 21:30:46,2023-11-17 05:47:16,1136,C,P,XR7-363
34,D,2019,2023-11-23 15:40:13,2024-05-13 16:18:55,1102,F,R,PP5-867
35,N,2000,2023-08-04 20:25:34,2023-08-15 07:04:40,1239,F,C,1HK-154
36,C,2017,2023-11-09 06:28:47,2023-08-12 05:02:01,4200,S,R,P7J-572
37,D,2002,2024-05-23 15:14:51,2023-07-23 12:25:14,1482,S,R,2OB-839
38,N,0,2023-09-09 21:51:27,2023-10-15 00:45:34,483,C,C,6EG-791
39,C,2004,2023-08-06 10:39:36,2023-08-30 04:08:37,357,F,C,219-391
40,D,2014,2024-02-01 21:39:12,2024-01-08 01:20:56,2500,S,C,JGP-790
41,N,2018,2023-08-01 15:42:08,2023-07-04 04:21:58,457,F,R,N49-284
42,C,2009,2023-07-09 11:09:59,2024-06-05 12:08:25,2932,S,C,ZV7-451
43,D,2003,2024-05-27 09:11:49,2024-01-25 21:17:16,2251,C,C,GTX-206
44,N,2010,2023-07-27 07:54:30,2024-02-07 17:39:42,1558,F,C,O5A-380
45,C,2019,2023-12-19 10:19:44,2023-07-10 21:43:52,3155,S,C,CJ1-074
46,D,2013,2023-12-12 14:20:43,2023-07-16 20:03:05,4884,F,R,PX9-574
47,N,2018,2023-09-30 13:32:17,2023-09-13 16:56:27,3071,C,P,BPH-211
48,C,2004,2023-10-29 12:11:09,2023-12-07 12:21:15,2194,S,R,1SV-260
49,D,2013,2023-06-29 20:18:22,2023-10-15 03:46:41,4721,F,R,I0G-551
50,N,2014,2023-09-09 09:47:11,2024-03-27 07:59:12,832,F,P,PJ6-607
51,C,2018,2024-02-17 14:17:58,2023-10-15 13:45:21,2518,F,R,M7D-477
52,D,0,2024-01-19 14:26:04,2023-10-10 12:28:34,2882,S,C,FHE-501
53,N,2010,2024-04-23 12:43:56,2023-09-26 21:15:17,4979,C,P,85X-438
54,C,2017,2024-04-08 11:36:35,2024-02-28 03:03:11,1983,S,R,AYN-322
55,D,2006,2024-04-22 10:34:09,2024-03-16 07:24:01,2118,F,R,WML-296
56,N,2016,2023-08-26 00:31:02,2024-05-25 15:07:16,1015,F,R,ZK2-850
57,C,2020,2024-04-22 16:32:53,2023-09-13 20:11:34,1372,S,C,CBT-657
58,D,2016,2023-10-05 09:26:41,2024-03-08 05:06:26,3235,C,P,Y54-515
59,N,2017,2024-03-04 12:40:37,2024-01-18 23:58:14,2232,C,C,PAH-679
60,C,2013,2023-08-27 14:49:11,2024-04-15 10:19:32,4653,C,C,YYN-243
61,D,2015,2024-05-02 01:52:11,2023-09-02 21:27:49,988,C,R,CIE-831
62,N,2017,2024-01-14 02:16:43,2024-06-03 22:03:04,2111,F,P,SYA-344
63,C,2011,2024-05-08 12:47:06,2024-02-20 12:23:06,2877,S,C,6NG-961
64,D,2020,2024-01-30 21:04:37,2023-09-14 20:30:15,4743,C,P,2G0-197
65,N,2017,2024-04-24 16:38:16,2024-05-02 15:48:12,2749,C,P,DAE-422
66,C,2019,2024-04-15 02:05:33,2023-07-23 11:20:30,412,F,P,0NH-714
67,D,2013,2024-04-01 07:20:21,2024-02-13 20:35:29,3246,C,R,TSI-313
68,N,2015,2023-10-11 15:07:31,2024-01-28 23:42:35,2529,C,P,AAA-847
69,C,2006,2024-05-01 17:12:14,2023-10-30 13:11:45,1482,C,R,13Z-831
70,D,2014,2023-10-12 06:12:42,2023-12-03 09:03:15,4946,C,C,BG1-524
71,N,2017,2024-04-05 04:50:40,2024-03-20 07:29:51,3732,F,P,UY3-966
72,C,2011,2024-02-04 07:21:57,2024-05-21 09:56:14,676,S,C,OEP-603
73,D,2002,2024-03-01 01:51:24,2024-02-03 11:29:50,1348,F,R,DIO-975
74,N,2020,2023-12-04 19:18:05,2024-01-03 18:31:10,743,S,R,MR7-772
75,C,2014,2023-06-11 10:05:27,2024-03-22 07:59:14,1196,C,R,I2B-766
76,D,2019,2023-07-22 18:36:25,2024-02-13 20:48:09,2093,C,R,2XO-754
77,N,2016,2023-11-24 18:46:29,2023-11-26 04:16:10,3454,F,R,H4B-067
78,C,2011,2023-12-20 08:24:58,2024-01-01 03:12:23,3789,C,P,2QO-637
79,D,2005,2023-07-07 19:32:16,2023-08-15 23:02:40,960,F,C,W0I-045
80,N,2004,2024-01-30 12:24:10,2024-03-26 16:14:52,4969,F,C,66M-648
81,C,2020,2023-08-19 00:39:50,2024-04-04 15:07:33,2716,F,P,0X2-882
82,D,1997,2023-10-08 08:41:52,2023-10-11 21:58:49,4424,C,C,ALE-922
83,N,2013,2023-07-04 15:17:44,2023-11-01 22:55:16,1892,C,P,XW1-896
84,C,2013,2024-05-06 23:20:47,2024-01-04 07:06:36,2076,S,C,BG2-952
85,D,2017,2023-12-25 06:27:21,2023-11-02 14:02:44,4110,C,P,LD0-348
86,N,0,2023-10-18 15:21:02,2024-04-23 13:54:04,3374,S,C,WX5-319
87,C,2010,2024-02-07 07:52:11,2024-03-17 04:31:50,4788,F,C,4ZO-701
88,D,2012,2024-03-29 12:43:37,2024-02-16 13:44:14,379,F,P,O7V-657
89,N,2011,2023-10-02 03:45:39,2024-03-06 01:58:42,3234,S,C,EMX-854
90,C,2015,2024-04-06 10:49:21,2024-02-10 14:47:47,161,C,R,238-210
91,D,2014,2023-12-14 06:19:29,2024-02-18 06:39:35,1192,S,C,7JM-925
92,N,2014,2024-03-01 22:17:50,2023-11-09 15:43:08,2444,C,R,9CJ-025
93,C,2010,2024-01-26 04:29:37,2023-07-14 07:15:47,3757,S,C,APK-860
94,D,2014,2024-04-03 12:57:43,2023-06-29 04:30:08,1607,S,P,BSB-728
95,N,2012,2024-04-22 15:35:08,2024-04-02 07:44:53,1415,F,P,YHK-301
96,C,2010,2023-11-01 15:30:18,2024-01-28 21:32:01,3263,F,P,HMH-210
97,D,2012,2024-03-01 04:34:56,2024-02-14 09:01:49,841,S,C,5IB-680
98,N,2020,2023-06-20 22:54:29,2024-04-29 20:54:57,422,C,C,L7B-946
99,C,2003,2024-02-19 23:51:02,2023-12-01 23:12:16,3599,S,P,ZKF-841
100,D,2015,2024-05-10 03:28:16,2023-07-17 15:46:03,3049,C,C,0QH-945
101,N,2015,2023-06-17 19:20:47,2024-02-19 18:52:28,3929,C,R,HWY-861
102,C,2013,2023-10-23 14:30:21,2023-09-14 03:28:52,813,S,C,3CV-211
103,D,2007,2023-06-16 15:42:06,2023-10-26 09:43:55,479,C,C,08E-450
104,N,2017,2024-02-29 14:06:20,2024-02-19 16:12:17,3708,C,C,NIV-048
105,C,2014,2023-09-20 20:20:51,2024-01-17 14:51:35,1697,F,C,VRO-260
106,D,2019,2024-03-08 06:27:35,2024-05-26 21:08:23,715,F,P,FA0-841
107,N,2013,2023-10-24 04:48:32,2023-10-08 05:25:53,2977,C,C,C2V-843
108,C,2003,2023-10-30 09:58:03,2023-12-14 14:06:49,2694,F,P,6PQ-476
109,D,2007,2023-09-18 04:37:38,2023-10-09 23:18:51,2859,S,P,XNE-885
110,N,2007,2023-08-13 11:34:41,2023-09-19 11:51:02,3903,F,P,AVB-957
111,C,2009,2023-12-19 10:47:32,2023-09-30 01:07:32,2481,F,P,L2X-895
112,D,2007,2024-03-28 00:34:13,2024-05-29 06:06:28,1035,F,P,7CP-584
113,N,2012,2023-11-27 06:03:56,2023-12-19 22:10:37,2351,F,R,D4V-044
114,C,0,2024-02-19 22:12:39,2024-02-29 18:08:21,406,S,P,5L9-489
115,D,2010,2023-11-17 06:06:18,2023-07-14 23:40:40,1962,C,R,ZG6-294
116,N,2013,2023-07-01 04:09:47,2024-01-17 10:42:16,4191,C,P,ZG2-819
117,C,2009,2024-01-07 11:48:20,2023-07-04 03:33:54,170,S,R,KX9-720
118,D,2015,2024-03-18 12:53:47,2023-06-17 00:11:33,583,F,P,216-375
119,N,2011,2024-01-29 09:50:49,2023-09-23 11:56:19,1533,C,P,RDU-256
120,C,2016,2024-03-06 02:54:17,2023-06-21 20:02:50,1997,F,P,1YD-720
121,D,2007,2023-07-27 17:33:26,2023-10-19 19:18:00,367,F,P,CFX-250
122,N,2007,2024-03-02 11:40:35,2024-01-21 14:35:35,1832,C,C,Y3C-297
123,C,2010,2024-03-27 22:17:55,2023-10-30 17:29:40,1155,C,C,5QV-656
124,D,2014,2023-08-27 09:44:26,2024-03-15 10:05:01,2971,C,C,YPP-881
125,N,2004,2023-08-10 17:27:15,2024-05-11 06:40:35,773,C,R,TZK-765
126,C,2008,2024-04-23 22:46:39,2024-02-29 19:28:05,1935,F,P,KFM-348
127,D,2004,2024-01-23 00:31:19,2023-08-30 19:06:32,3559,C,R,DD5-407
128,N,2012,2024-01-12 04:48:14,2024-02-27 10:54:06,549,S,R,89G-784
129,C,2015,2023-11-06 01:52:03,2023-12-17 09:05:16,2208,S,R,2P9-017
130,D,2010,2024-02-01 07:35:26,2024-02-12 05:20:31,372,F,C,L9K-998
131,N,2016,2024-02-22 00:37:54,2023-10-17 04:29:42,2210,C,R,JZH-724
132,C,2015,2023-10-06 07:50:48,2023-11-13 18:30:35,486,C,P,N1D-405
133,D,2020,2024-02-14 13:24:36,2023-08-26 17:36:51,4981,F,C,83X-538
134,N,2007,2024-02-18 15:07:33,2024-05-05 17:52:24,1662,F,R,DT9-161
135,C,2014,2023-12-14 22:19:16,2023-06-09 15:16:57,700,F,C,CSX-132
136,D,2007,2023-11-06 11:07:55,2023-07-31 23:17:03,314,C,R,LSF-396
137,N,2015,2023-07-15 15:37:45,2023-12-30 16:45:03,2200,C,C,8FH-602
138,C,2006,2023-12-09 09:56:43,2023-06-14 18:27:55,3859,F,C,QH2-583
139,D,2017,2023-09-15 23:30:23,2024-05-17 11:36:00,2652,S,R,FSE-630
140,N,2010,2023-10-31 23:24:21,2023-10-20 15:11:37,290,F,P,84E-157
141,C,2008,2024-02-06 17:48:11,2024-01-07 07:55:14,1457,F,R,YYY-757
142,D,2011,2023-11-22 05:24:24,2023-09-05 02:55:02,1295,F,P,SIH-627
143,N,0,2024-05-23 11:37:07,2023-07-19 16:44:48,2620,S,R,KTP-765
144,C,2017,2023-09-03 07:34:54,2023-10-06 13:57:22,1976,S,P,F81-272
145,D,2012,2023-12-31 13:30:18,2024-05-10 05:30:55,694,F,C,D9H-217
146,N,2014,2023-06-26 18:15:57,2023-12-13 17:37:40,1607,C,R,TBM-013
147,C,2011,2023-08-19 01:38:24,2023-07-06 08:29:15,4062,S,C,MPS-904
148,D,2017,2023-12-27 04:18:28,2024-02-04 06:14:02,4561,F,C,DYR-397
149,N,2009,2023-08-10 05:56:40,2024-01-19 00:36:53,3974,S,P,70F-050
150,C,2007,2023-10-07 10:22:50,2024-02-02 16:26:04,376,C,R,GBB-367
151,D,2017,2024-05-14 16:44:24,2023-07-27 07:07:48,4241,F,P,1FW-094
152,N,2012,2024-05-12 18:09:18,2023-11-13 05:50:28,953,S,R,0X6-239
153,C,2015,2024-01-01 00:07:29,2024-03-11 09:50:35,2163,S,C,6BZ-368
154,D,2014,2024-01-02 11:52:06,2023-08-07 18:49:52,1017,F,C,T0X-320
155,N,2012,2023-07-28 01:46:01,2024-05-12 22:10:48,1108,C,P,HMG-199
156,C,2010,2024-02-09 22:56:10,2023-10-10 11:28:47,3022,C,C,JK1-996
157,D,2012,2024-03-26 21:04:41,2024-03-30 14:48:34,3016,S,R,0X9-142
158,N,2009,2023-06-13 07:17:21,2024-05-13 18:04:28,2412,S,R,VBV-483
159,C,2004,2023-09-28 04:49:25,2023-06-20 21:32:35,3912,S,P,PHI-870
160,D,0,2024-03-26 09:15:11,2024-05-16 02:57:13,1462,F,P,DCD-864
161,N,2007,2023-08-28 19:57:32,2024-04-18 15:55:02,4311,F,C,7WW-467
162,C,2014,2023-12-27 03:03:05,2023-11-29 03:14:05,2878,S,C,Y20-317
163,D,2018,2024-05-07 11:41:46,2024-01-07 18:21:46,1938,C,P,RBS-653
164,N,2013,2024-02-19 22:07:14,2023-07-25 20:28:42,2934,S,C,7GP-803
165,C,2009,2024-02-23 20:17:22,2024-02-28 11:13:41,577,S,C,EYK-446
166,D,2007,2024-03-13 23:46:53,2024-03-16 18:52:10,2894,F,P,M5W-129
167,N,2020,2023-09-17 21:43:58,2024-05-20 10:48:42,4891,S,R,2OQ-778
168,C,2015,2023-09-06 02:52:16,2024-05-23 14:37:16,4115,F,C,HMB-304
169,D,2011,2024-01-19 13:29:13,2024-01-16 20:24:20,803,C,C,9CU-872
170,N,2018,2024-02-04 07:44:24,2023-12-12 19:21:15,2157,F,R,Y91-353
171,C,2012,2023-09-09 23:50:47,2024-03-07 21:39:22,1273,C,P,Z2K-358
172,D,2017,2024-02-01 16:01:53,2023-12-05 16:37:36,537,S,P,RNG-185
173,N,2011,2023-10-01 01:08:26,2024-04-17 10:13:05,997,F,P,GE0-162
174,C,2007,2023-07-24 06:56:09,2023-12-05 09:08:31,2742,S,R,G5N-506
175,D,2003,2024-03-20 03:13:31,2023-10-27 07:21:18,1949,C,R,PHO-024
176,N,2009,2023-12-24 01:40:24,2023-12-24 22:05:53,340,S,C,M2P-796
177,C,2004,2023-08-13 18:39:37,2023-08-09 07:44:19,1561,C,R,JLX-881
178,D,2009,2023-10-12 10:18:24,2023-07-16 13:49:50,1190,C,C,RML-750
179,N,2004,2023-12-24 23:51:11,2023-10-24 11:24:54,4141,S,C,ZMV-802
180,C,2009,2024-06-01 15:55:23,2023-07-31 10:49:10,2344,S,C,CPQ-889
181,D,2015,2024-03-14 17:58:17,2023-08-14 09:54:02,3765,S,P,1YU-884
182,N,2010,2024-02-16 23:06:40,2023-11-05 14:39:19,2801,C,P,NSD-371
183,C,2012,2023-09-04 21:22:51,2024-05-12 01:02:08,1326,F,P,HEH-830
184,D,2014,2024-02-06 21:34:17,2024-03-18 22:29:43,3907,S,R,MWF-639
185,N,2020,2023-08-31 22:34:20,2024-02-13 20:55:49,821,F,R,MSW-795
186,C,2008,2023-09-04 17:18:40,2024-05-26 05:14:44,4308,S,R,D1A-621
187,D,2010,2023-09-24 23:05:09,2023-12-22 08:08:39,2982,F,C,P7M-397
188,N,2019,2023-08-18 02:57:27,2023-10-04 17:57:33,4467,F,R,EG1-145
189,C,2010,2023-11-10 20:01:25,2023-11-19 14:17:05,1596,F,C,QVW-985
190,D,2017,2023-12-27 09:52:17,2024-02-05 21:41:13,3307,F,R,KIJ-499
191,N,2004,2024-06-04 10:18:12,2023-09-05 20:43:58,1855,F,C,LOC-070
192,C,2016,2024-05-10 04:14:33,2023-08-24 15:35:55,4813,F,R,XXG-100
193,D,2017,2023-09-21 10:01:01,2024-04-22 02:14:01,2956,F,P,R4T-326
194,N,2016,2024-01-07 10:01:02,2023-12-21 02:19:12,1344,C,C,CB7-647
195,C,2018,2023-12-27 07:54:04,2023-12-15 09:31:05,1244,S,P,VB1-217
196,D,2019,2023-08-27 15:06:46,2023-10-07 02:45:06,728,F,P,RSV-294
197,N,2017,2024-04-27 04:36:39,2023-10-20 01:43:35,2570,F,P,DDG-483
198,C,2009,2024-02-19 03:04:45,2023-06-16 16:00:04,717,C,P,T7B-627
199,D,2011,2024-01-29 11:41:12,2024-02-11 07:29:18,2513,C,C,4TY-849
200,N,2010,2024-04-17 13:39:59,2023-12-07 03:19:42,3371,S,R,89F-992
201,C,2014,2024-03-07 08:39:12,2024-04-21 21:30:23,2998,F,P,DQ4-600
202,D,2012,2024-03-01 14:47:49,2023-10-17 23:50:11,1681,F,C,BCO-481
203,N,2019,2024-02-04 11:05:39,2023-12-19 22:21:51,1117,C,C,ZOQ-498
204,C,2000,2024-05-15 05:29:17,2024-03-17 03:12:26,4200,C,R,LY5-366
205,D,2015,2023-10-25 06:02:28,2023-06-25 22:48:53,4881,F,P,UVI-460
206,N,2015,2024-05-17 06:34:43,2023-10-31 02:29:08,3692,C,R,MWV-327
207,C,2014,2023-08-31 17:07:15,2023-12-21 08:43:41,3166,C,C,QJJ-872
208,D,2010,2023-08-15 09:17:45,2023-10-03 12:50:00,3465,F,C,SCL-860
209,N,2015,2023-12-21 19:55:57,2024-02-27 18:28:33,4719,S,R,MTL-824
210,C,2014,2023-10-22 12:42:53,2024-04-17 09:35:57,1384,C,R,KPX-128
211,D,2013,2024-06-07 11:26:28,2024-05-23 07:43:16,4372,S,C,099-465
212,N,2005,2023-06-19 07:07:40,2024-04-10 07:48:39,930,C,C,QFB-805
213,C,2013,2023-08-23 05:36:35,2023-12-29 04:27:13,1007,F,R,L9E-321
214,D,2005,2023-10-08 07:28:45,2023-12-20 03:54:28,503,C,C,VE9-710
215,N,2004,2023-10-22 04:45:31,2024-01-23 16:03:29,4045,F,P,VAO-448
216,C,2020,2024-03-08 04:50:42,2023-06-30 15:17:15,3662,S,R,UVM-618
217,D,2000,2023-12-08 08:30:58,2023-07-06 12:40:21,713,C,P,A0A-287
218,N,2006,2024-02-23 19:06:55,2024-05-01 05:36:15,2378,C,R,IJE-189
219,C,2011,2023-10-29 11:50:50,2023-10-29 13:32:50,4405,S,P,WJP-947
220,D,2006,2023-06-24 03:39:59,2024-05-28 21:00:32,2589,S,P,FSX-716
221,N,2016,2023-10-19 17:33:20,2023-07-05 07:42:40,733,S,P,C8D-789
222,C,2011,2023-08-30 18:15:30,2024-02-15 06:46:58,1350,F,R,EQ5-500
223,D,2016,2023-09-29 15:59:29,2023-10-16 22:27:11,1778,F,C,6TK-762
224,N,2015,2023-08-28 02:02:57,2024-04-08 06:26:15,1824,S,P,FWY-039
225,C,2021,2024-03-21 05:54:33,2024-04-05 13:24:36,4455,F,C,808-339
226,D,2018,2024-05-18 17:27:28,2024-04-26 03:05:59,1864,F,R,V7L-588
227,N,2009,2024-02-21 23:55:33,2024-04-02 18:02:27,2050,C,R,NMU-837
228,C,2010,2023-11-15 12:50:04,2023-11-25 03:08:06,2598,C,P,SI6-142
229,D,2020,2023-07-29 07:35:47,2024-01-19 02:43:16,3551,S,R,WCX-772
230,N,2016,2024-05-15 08:21:11,2023-12-07 02:09:59,1507,S,P,WBT-016
231,C,2020,2023-08-12 16:28:25,2024-05-14 07:01:16,2662,S,R,Z5M-765
232,D,2017,2024-03-14 00:15:15,2023-08-11 05:30:12,1266,S,C,YK4-087
233,N,2012,2023-07-26 13:19:56,2023-09-01 03:39:26,1948,F,R,N92-916
234,C,2012,2024-01-24 11:58:52,2024-02-22 17:51:42,2559,S,C,ZVG-691
235,D,2007,2024-06-04 21:26:49,2023-11-22 11:56:17,2183,F,C,PUS-255
236,N,2013,2023-11-02 04:34:38,2024-02-11 12:14:22,798,C,P,FSQ-863
237,C,2011,2023-12-07 05:39:08,2023-12-29 18:51:15,2848,F,R,Y15-242
238,D,2014,2023-09-12 01:26:07,2024-05-27 02:27:24,2127,S,P,OYB-872
239,N,2010,2024-01-25 19:48:47,2023-08-02 22:19:28,3050,S,P,WK9-167
240,C,2014,2024-01-07 06:52:56,2023-10-18 08:06:50,1938,F,C,NP1-092
241,D,2009,2023-12-15 16:04:20,2023-10-18 17:19:32,1409,S,C,9HU-412
242,N,2017,2023-10-04 19:41:36,2024-05-01 00:09:56,4142,F,R,WZ2-671
243,C,2009,2023-11-10 10:56:57,2023-07-02 22:58:45,2624,F,R,218-408
244,D,2016,2023-10-17 06:54:30,2024-04-22 02:04:06,2161,S,C,OE3-751
245,N,2019,2023-12-15 09:23:05,2023-12-24 17:33:36,2947,F,R,K03-329
246,C,2003,2023-09-03 14:10:01,2024-02-15 22:50:41,1841,F,P,XVE-817
247,D,2013,2023-07-17 08:22:52,2023-07-15 21:20:18,1136,C,R,I67-408
248,N,2019,2023-07-20 08:39:01,2023-07-18 23:08:44,4019,F,R,2IB-291
249,C,2016,2023-11-15 19:20:24,2023-12-21 12:56:48,1764,F,C,9I1-848
250,D,2020,2024-05-25 01:18:29,2023-09-14 15:06:30,3572,F,R,WNV-179
251,N,2018,2024-05-01 05:18:22,2023-08-13 23:54:35,4445,S,C,BFF-714
252,C,2014,2023-09-27 21:54:54,2023-11-20 17:41:57,1889,F,C,CCH-952
253,D,2012,2023-10-28 19:21:05,2024-05-27 09:07:43,1141,S,R,R32-277
254,N,2014,2024-04-15 17:25:41,2023-10-14 02:50:47,2448,S,P,JUE-019
255,C,2005,2023-09-18 09:57:55,2023-10-30 12:48:35,1369,S,P,VXW-043
256,D,2019,2024-01-21 22:50:25,2024-04-28 11:38:57,363,S,R,S3J-318
257,N,2006,2024-03-10 02:22:48,2024-02-13 02:31:47,4034,S,C,SMR-830
258,C,2020,2023-07-28 20:07:12,2024-04-19 03:27:52,4846,S,C,T1Y-274
259,D,2020,2023-06-19 19:36:16,2023-06-10 11:43:37,2872,C,R,MAX-887
260,N,2017,2023-12-02 18:14:34,2023-11-24 04:39:24,330,F,R,JZQ-385
261,C,2010,2023-06-16 11:13:14,2024-02-05 13:58:03,1320,F,P,S0Q-295
262,D,1999,2024-03-12 02:13:55,2023-11-19 19:41:40,2881,C,R,VPM-438
263,N,2005,2023-07-12 07:44:09,2024-04-26 03:19:07,1465,F,P,NQ2-768
264,C,0,2023-10-15 20:36:24,2024-02-22 03:20:09,3742,F,C,B92-590
265,D,2011,2024-05-16 03:25:50,2023-07-01 02:34:34,4572,S,P,L7W-359
266,N,2006,2023-07-09 00:42:57,2024-02-17 19:31:15,1417,C,C,LAK-691
267,C,2021,2024-05-22 09:13:00,2024-05-22 15:45:50,3981,S,R,2HZ-502
268,D,2015,2023-06-23 07:15:03,2023-12-09 05:47:21,363,S,R,XYB-218
269,N,2020,2024-01-22 00:55:06,2024-04-28 16:10:26,4650,S,P,1X9-140
270,C,2011,2023-12-08 03:39:04,2024-02-06 20:27:43,3242,F,C,EWP-335
271,D,2011,2023-10-05 16:27:27,2023-10-25 12:33:09,4101,S,R,OXA-610
272,N,2012,2023-06-22 11:59:43,2024-05-06 01:31:40,4470,F,P,8BZ-299
273,C,2007,2023-09-27 16:29:28,2024-06-01 03:24:21,3180,S,P,K7K-583
274,D,2017,2023-11-27 12:44:22,2024-04-02 07:26:06,1907,F,R,FGK-276
275,N,2005,2023-12-11 06:17:52,2023-08-01 04:04:21,3216,S,C,PIY-971
276,C,2016,2024-02-01 08:42:51,2023-09-19 04:48:46,1236,C,P,W9W-440
277,D,2012,2023-10-30 09:01:45,2023-12-30 18:10:44,4593,C,R,TKJ-887
278,N,2015,2023-06-21 13:10:04,2023-08-25 04:30:19,3858,C,C,MUC-736
279,C,2007,2023-07-21 16:04:51,2024-05-12 01:56:22,1203,F,P,LEM-206
280,D,2017,2023-09-23 18:41:52,2023-07-29 16:39:24,4456,S,R,5L8-065
281,N,2014,2024-05-07 10:02:27,2023-12-27 00:41:23,4946,S,R,64T-557
282,C,0,2024-04-24 14:11:35,2023-06-30 16:37:22,1523,F,R,8F1-201
283,D,2007,2023-09-24 11:13:06,2024-06-01 16:36:21,198,S,P,A4S-324
284,N,2005,2024-03-04 09:18:28,2024-04-25 19:06:04,3686,F,P,U9N-601
285,C,2005,2024-01-15 08:34:27,2023-06-09 21:32:10,4173,C,R,T1Y-652
286,D,2019,2024-05-25 19:30:01,2023-12-03 04:00:52,2461,F,C,0UU-801
287,N,2011,2024-03-24 05:33:19,2024-04-15 22:29:54,4537,F,P,V5W-423
288,C,2020,2023-12-30 18:58:55,2023-11-21 12:42:03,3731,F,R,ZQ8-726
289,D,2004,2023-07-17 07:33:50,2024-01-07 21:44:24,172,S,R,N7F-161
290,N,2006,2023-06-16 21:01:28,2023-06-10 14:52:36,1740,S,C,UKB-395
291,C,2010,2023-07-16 04:08:35,2023-08-09 06:17:14,4065,F,C,A4D-001
292,D,2002,2023-12-29 04:10:04,2024-05-14 14:14:04,780,S,C,E8G-570
293,N,2011,2024-05-05 21:57:10,2023-11-09 18:21:40,942,S,R,6Z1-703
294,C,2015,2024-03-22 15:06:14,2024-04-03 15:12:26,413,F,C,IAO-094
295,D,2009,2023-11-30 02:25:44,2024-03-09 04:00:53,3055,C,C,T6S-066
296,N,2004,2024-01-31 03:30:23,2023-07-15 05:16:03,775,C,C,058-467
297,C,2004,2023-12-01 13:25:22,2023-06-11 10:56:56,2137,F,R,OA9-758
298,D,2013,2023-08-14 03:59:11,2023-12-02 11:48:27,2216,F,C,972-743
299,N,2013,2023-11-07 00:57:02,2024-03-11 06:05:23,3552,C,C,IVG-046
300,C,2020,2023-12-04 16:08:59,2023-11-21 20:55:57,418,F,C,1TA-695
301,D,0,2024-01-21 16:40:46,2023-09-30 00:00:04,2063,S,C,PII-691
302,N,2013,2024-04-29 08:27:05,2023-06-16 12:03:58,1557,F,R,SCH-834
303,C,0,2023-07-29 06:57:59,2024-05-13 15:58:49,2908,S,P,SBQ-314
304,D,2009,2024-02-26 14:38:50,2023-10-13 23:29:12,1301,S,P,IIG-133
305,N,2018,2023-09-19 11:31:15,2024-01-10 01:51:12,2587,C,P,GOM-275
306,C,2016,2024-01-03 22:38:45,2024-01-07 14:31:55,4111,S,P,OKF-676
307,D,2015,2023-10-01 17:13:22,2023-08-02 03:44:09,2547,S,R,GLU-744
308,N,2013,2024-05-09 12:20:38,2024-02-09 05:11:19,4774,S,P,6S6-138
309,C,2011,2023-07-07 11:44:06,2024-04-17 09:12:57,2071,S,R,PT9-781
310,D,2013,2024-02-06 10:09:41,2023-07-19 04:47:01,4698,C,R,96J-264
311,N,2010,2024-04-23 10:39:51,2024-01-27 06:16:52,4211,S,P,VYU-892
312,C,0,2023-12-02 02:14:20,2023-12-19 19:04:43,2950,F,P,9JF-919
313,D,2016,2024-06-01 00:18:26,2023-06-22 07:57:17,3323,F,C,KIM-081
314,N,2015,2023-07-12 06:13:12,2024-03-22 19:46:40,272,C,P,ZZY-654
315,C,2016,2023-08-13 01:44:30,2023-12-15 12:21:17,1471,C,R,A1P-911
316,D,2014,2023-06-09 15:19:51,2024-05-04 22:04:35,624,C,C,CJU-133
317,N,2017,2023-10-10 11:08:39,2023-11-17 23:35:17,4681,F,R,P3W-996
318,C,2009,2023-08-17 05:24:28,2024-04-08 08:32:57,3810,C,C,V97-277
319,D,2019,2023-07-29 12:51:52,2023-12-06 23:31:56,2357,C,P,CY0-844
320,N,2016,2023-12-20 15:56:29,2024-03-07 07:05:17,1469,F,C,HYZ-939
321,C,2015,2024-01-02 22:09:12,2024-06-07 18:08:03,1272,F,R,RIY-234
322,D,2010,2023-07-16 23:59:25,2023-11-26 14:07:17,1296,S,P,570-499
323,N,2009,2023-06-29 15:24:59,2023-06-28 18:07:33,116,S,C,G3O-565
324,C,2010,2023-08-21 00:36:18,2023-08-16 20:08:38,986,C,P,UV2-521
325,D,2020,2024-01-02 14:24:43,2023-11-16 10:08:08,4483,C,P,FMN-649
326,N,2017,2024-04-21 08:19:25,2023-07-10 17:50:56,3203,S,C,XR6-571
327,C,2012,2023-06-14 19:01:38,2023-07-23 01:20:29,2405,C,R,45C-786
328,D,2012,2024-05-20 10:01:12,2023-07-02 16:48:41,3763,F,C,WMI-110
329,N,1997,2023-07-27 20:23:06,2024-02-18 03:40:45,392,F,P,ZJ8-227
330,C,2017,2024-03-05 08:45:45,2024-02-28 01:47:34,2416,S,P,TIE-920
331,D,2012,2024-02-15 00:52:10,2023-10-25 13:42:25,898,S,R,K1T-203
332,N,2008,2024-06-06 18:09:12,2023-08-31 03:32:40,3464,C,P,ICL-109
333,C,2019,2023-12-16 03:59:05,2024-05-14 18:10:03,374,C,P,ELF-809
334,D,2014,2024-03-17 09:22:32,2023-09-10 01:25:47,2893,F,P,NZB-702
335,N,0,2024-01-13 06:16:34,2023-11-10 07:11:56,1226,F,C,ODH-328
336,C,2005,2023-07-24 20:55:24,2024-01-03 02:16:11,3929,F,C,1ZI-016
337,D,2020,2023-12-20 00:53:58,2023-08-19 05:25:37,416,F,R,RF5-717
338,N,2012,2023-10-11 07:51:50,2023-11-10 20:57:22,2768,S,R,EPD-220
339,C,2018,2024-02-01 15:45:45,2023-11-20 14:06:22,3367,F,C,1GU-912
340,D,2015,2024-02-06 16:39:34,2024-02-04 21:06:03,4743,S,P,3UD-719
341,N,2015,2024-05-19 20:25:34,2024-06-05 18:45:55,2589,C,P,G0G-706
342,C,2016,2023-06-18 01:31:38,2023-12-19 03:40:02,2694,C,P,9HN-514
343,D,2017,2023-12-21 06:49:02,2023-09-03 16:10:46,2865,S,C,XMY-249
344,N,2016,2023-06-11 11:27:49,2024-01-07 05:59:53,1789,S,P,OED-328
345,C,2016,2024-02-27 16:12:07,2024-05-30 08:57:19,3473,C,P,HDR-688
346,D,2008,2024-05-14 22:26:32,2024-04-26 04:55:13,1381,C,C,T26-903
347,N,0,2023-07-15 14:22:12,2023-08-02 08:55:00,4431,C,C,ZFW-839
348,C,1997,2023-12-19 16:34:04,2024-01-02 14:06:33,846,S,P,YWU-995
349,D,2018,2024-04-20 20:34:28,2024-04-14 14:15:19,4772,S,P,JTH-546
350,N,2012,2023-11-03 12:53:22,2023-06-09 13:11:32,120,S,C,EKE-237
351,C,2005,2024-01-18 01:03:26,2023-10-20 20:04:22,3361,S,C,F0W-504
352,D,2014,2023-12-06 04:04:13,2023-08-17 23:31:01,4849,S,C,31I-533
353,N,2015,2023-07-25 01:10:10,2023-06-24 17:16:31,3355,F,P,EVS-589
354,C,2017,2023-07-13 00:23:00,2023-12-04 03:30:40,4113,C,R,AOO-071
355,D,2010,2024-02-11 01:42:51,2023-12-09 15:06:48,4768,F,C,ZDS-249
356,N,2015,2024-06-07 09:47:54,2024-05-11 13:38:28,845,C,R,HZW-528
357,C,2013,2024-02-04 13:48:34,2023-12-01 18:18:50,4436,F,P,NKX-571
358,D,2010,2023-06-14 19:20:57,2023-08-31 14:49:25,3916,S,R,U94-994
359,N,2007,2023-09-30 14:58:52,2023-11-26 07:15:10,740,S,P,PAZ-912
360,C,2020,2023-07-04 03:50:11,2024-02-07 09:38:44,3996,F,R,786-901
361,D,2011,2024-04-22 02:03:46,2023-11-16 01:13:18,830,S,P,MPR-983
362,N,2014,2024-03-05 00:32:05,2023-09-25 06:35:47,1591,S,P,Z86-492
363,C,2013,2024-02-11 08:51:04,2024-01-05 12:51:21,3027,S,P,0DV-582
364,D,2014,2024-06-05 18:08:13,2024-03-22 12:15:33,3653,C,P,TKU-103
365,N,2007,2023-12-19 23:11:44,2024-01-02 23:31:46,3242,F,R,L0P-757
366,C,2004,2024-03-23 02:04:53,2023-07-23 21:35:42,1767,S,C,DH9-194
367,D,2018,2023-08-01 08:57:19,2023-08-03 07:08:38,1678,S,C,39D-308
368,N,2015,2024-05-12 01:47:35,2023-08-05 17:50:00,4327,F,C,M57-974
369,C,2010,2023-06-10 18:35:45,2023-10-13 17:24:43,2301,C,P,N1V-597
370,D,2020,2024-03-08 09:31:20,2023-09-12 22:28:56,2815,F,R,7WZ-231
371,N,2003,2023-09-14 11:09:28,2023-07-12 01:26:59,1762,S,C,K99-102
372,C,2002,2024-04-07 23:56:35,2023-11-24 01:08:36,4794,S,P,WQ0-807
373,D,2009,2023-07-18 06:54:13,2024-02-18 22:55:26,3358,S,P,2DM-048
374,N,2020,2024-03-08 21:26:24,2023-06-28 03:29:19,3575,F,P,H9A-489
375,C,2008,2024-04-03 22:19:18,2024-05-07 02:29:52,2414,F,C,09Y-156
376,D,2000,2023-12-15 05:36:23,2023-06-20 07:16:20,2122,F,R,8AM-696
377,N,2016,2023-10-04 11:27:04,2023-12-28 08:46:50,2267,F,P,6PU-396
378,C,2017,2023-10-30 10:55:14,2023-11-28 14:26:17,396,S,P,94N-064
379,D,2016,2023-09-17 01:35:36,2023-12-03 09:15:10,2357,S,P,6Y6-393
380,N,2016,2024-01-07 09:54:54,2023-09-06 08:19:50,637,S,C,RVM-393
381,C,2006,2024-02-19 02:06:55,2023-11-12 20:51:30,2258,C,C,Z1X-480
382,D,2006,2023-11-06 13:40:07,2023-09-27 04:53:21,4534,F,R,HKZ-247
383,N,0,2024-04-17 20:12:01,2024-03-10 00:44:02,655,C,C,GLE-025
384,C,1999,2023-12-21 20:08:56,2023-09-18 19:10:24,1235,F,C,P5J-745
385,D,2003,2024-01-14 22:59:33,2023-06-23 21:58:57,1039,C,P,FOX-826
386,N,2011,2023-09-06 16:33:40,2024-03-20 07:20:01,583,F,P,S37-946
387,C,2006,2023-12-03 05:08:55,2023-06-15 11:36:22,4926,F,C,UNZ-895
388,D,2019,2024-02-03 12:00:15,2023-12-30 02:06:07,1658,S,C,36W-906
389,N,0,2023-12-26 19:47:26,2023-08-21 20:04:19,1195,C,P,EJ5-379
390,C,2004,2024-03-08 09:55:56,2023-09-05 07:21:54,4481,F,P,FYX-631
391,D,2012,2024-02-28 04:16:15,2024-04-20 05:11:27,334,F,R,259-533
392,N,2018,2024-02-14 04:46:54,2024-04-11 09:08:20,3875,C,C,S69-956
393,C,2010,2023-09-08 22:50:51,2023-06-25 07:50:08,1444,F,P,DJ3-512
394,D,2003,2023-11-01 11:03:46,2023-09-19 04:12:57,555,C,C,4IN-340
395,N,2015,2023-07-30 14:01:26,2024-04-25 20:30:30,2605,S,P,L2S-356
396,C,2009,2023-06-24 17:21:40,2024-05-11 03:43:12,4815,C,C,M53-153
397,D,2012,2023-11-05 20:03:02,2023-12-10 18:31:09,3601,C,C,X90-422
398,N,2017,2023-09-13 09:29:51,2023-09-11 04:47:21,2922,S,P,288-347
399,C,2007,2023-11-26 11:52:54,2023-09-04 11:45:22,1791,F,P,EO9-866
400,D,2017,2024-04-27 14:16:13,2024-04-07 04:51:07,3993,S,C,3HM-738
401,N,2015,2024-05-23 23:41:39,2024-01-04 22:25:05,3083,S,P,BLT-666
402,C,2020,2023-10-16 19:26:39,2023-11-20 05:35:40,4466,S,R,5TZ-321
403,D,2012,2023-08-06 11:09:05,2023-07-20 03:11:41,4100,S,R,IBT-501
404,N,2009,2024-04-06 16:01:22,2024-05-19 07:56:19,936,S,P,F7O-582
405,C,0,2023-09-02 20:17:35,2023-09-18 14:37:28,4249,S,P,209-470
406,D,2014,2023-09-22 20:45:04,2023-07-28 12:27:09,855,S,P,AQU-537
407,N,2019,2023-09-13 05:07:47,2023-11-28 04:18:51,540,C,P,MSH-126
408,C,2012,2023-11-24 14:57:38,2024-03-21 21:46:18,3721,S,P,92G-796
409,D,2019,2023-11-03 14:08:46,2023-11-07 11:51:28,261,S,P,31G-819
410,N,2014,2024-03-21 00:31:28,2023-07-18 15:26:55,1171,C,P,G75-361
411,C,2013,2023-08-27 09:43:57,2024-03-13 06:02:10,3688,F,R,NSH-951
412,D,2019,2023-08-04 01:24:00,2023-11-01 18:38:59,734,C,R,YFE-829
413,N,2015,2023-06-13 08:35:08,2023-06-25 10:14:53,1775,C,R,2I2-175
414,C,2015,2024-05-21 16:29:21,2024-01-04 12:30:55,438,C,R,KHE-275
415,D,2012,2024-06-02 20:50:05,2023-12-26 09:17:05,913,F,P,NP5-919
416,N,2012,2023-12-11 12:28:09,2024-01-07 04:16:57,3575,F,C,3XW-139
417,C,2007,2023-11-05 10:32:26,2023-12-02 02:33:32,1901,F,C,TMV-042
418,D,2020,2023-10-19 23:16:09,2024-02-13 23:28:29,3779,C,R,OMI-873
419,N,2006,2024-03-19 22:00:10,2024-01-22 13:06:26,4097,C,C,U6W-404
420,C,2014,2024-02-23 23:43:45,2024-03-26 09:49:56,2455,C,C,V86-876
421,D,2019,2024-06-02 14:20:59,2023-09-30 09:21:38,253,C,C,TGU-502
422,N,2018,2023-09-30 16:58:11,2023-10-21 13:43:04,4438,S,R,98E-877
423,C,2014,2024-04-19 07:11:12,2024-03-15 04:26:02,2358,F,C,L1B-378
424,D,2014,2023-07-13 02:02:39,2023-09-22 00:38:01,304,C,R,O0N-723
425,N,2004,2023-12-23 12:11:06,2023-09-02 03:36:09,4908,S,C,HWZ-204
426,C,2014,2023-11-18 17:10:49,2023-06-29 08:46:08,654,S,C,B4A-087
427,D,2016,2024-01-04 10:26:46,2024-03-10 10:34:16,1388,S,C,8A3-423
428,N,2011,2023-10-22 02:49:57,2023-12-15 08:23:56,669,C,R,H2V-095
429,C,2003,2024-05-25 16:18:38,2023-09-25 06:37:29,1058,C,R,C93-645
430,D,2012,2023-10-27 03:48:00,2023-11-27 03:12:29,3616,C,R,3YQ-424
431,N,2009,2024-02-08 01:29:41,2024-04-20 22:57:37,3988,F,C,0M6-929
432,C,1999,2023-11-06 05:55:05,2023-12-29 18:45:26,3883,S,P,8XJ-851
433,D,0,2024-04-26 11:52:27,2023-06-14 22:19:13,4463,F,P,5OW-833
434,N,2019,2024-04-09 09:39:21,2023-06-17 23:24:55,2155,S,C,F94-143
435,C,2019,2024-03-07 05:30:44,2024-04-07 03:29:48,2890,C,P,B6E-596
436,D,2003,2023-07-24 11:15:19,2024-02-20 01:44:31,4531,F,R,6A1-009
437,N,2011,2024-01-13 06:11:45,2023-10-29 16:33:36,3223,F,R,UTC-624
438,C,2014,2023-08-24 10:55:02,2023-07-29 06:50:28,4129,F,P,QA7-277
439,D,2006,2024-04-08 11:22:17,2023-06-18 12:36:34,4536,F,C,CR8-037
440,N,2007,2023-09-09 01:09:32,2023-07-30 05:19:00,931,S,C,KTO-352
441,C,2004,2023-06-25 03:17:34,2023-06-23 05:15:14,4499,C,C,TME-602
442,D,2016,2023-06-18 02:23:13,2024-01-06 09:17:01,4985,C,C,K3H-508
443,N,2007,2024-05-12 09:01:10,2023-08-21 23:42:38,1036,C,R,4T5-076
444,C,2007,2023-10-02 15:33:54,2024-05-09 23:49:25,2190,F,C,K1O-970
445,D,2014,2024-01-11 20:10:19,2024-02-20 11:36:31,4157,F,C,IVD-945
446,N,2014,2023-07-29 06:56:46,2024-03-12 06:47:39,2517,C,R,49G-835
447,C,2020,2024-03-27 10:56:23,2023-12-29 03:58:54,4480,C,P,55E-997
448,D,2015,2024-01-07 18:34:42,2023-08-31 21:47:51,3850,C,C,Y0A-044
449,N,2005,2023-12-02 04:28:00,2023-07-27 18:37:23,4966,C,R,0BC-131
450,C,2015,2024-03-17 03:32:35,2023-10-13 15:37:05,4585,F,C,SMI-295
451,D,2006,2023-12-03 01:28:21,2023-11-26 14:59:14,2091,C,P,F6L-652
452,N,2019,2023-09-08 18:24:33,2024-03-31 12:52:48,374,F,R,XC5-433
453,C,2014,2023-12-15 04:30:12,2024-01-28 18:23:37,642,F,C,EL4-423
454,D,2018,2024-01-05 08:36:34,2024-03-04 06:59:20,3222,C,C,QDK-159
455,N,2013,2024-04-01 12:08:13,2023-10-09 09:51:17,1906,C,P,EBE-678
456,C,2019,2023-10-04 13:12:00,2023-09-29 20:15:44,3730,S,R,C3S-266
457,D,2018,2024-01-06 10:49:04,2023-11-05 02:07:27,1605,F,R,A1G-829
458,N,2014,2023-07-29 22:43:31,2024-04-24 04:38:40,3170,C,R,0V6-942
459,C,2015,2024-05-31 13:51:47,2023-10-21 11:05:33,2041,F,C,NTL-077
460,D,0,2023-10-20 03:56:52,2024-04-12 14:09:40,3298,F,P,XQ0-808
461,N,2013,2023-06-27 03:15:44,2023-08-02 17:54:51,3854,C,P,PKS-252
462,C,2013,2023-07-30 01:37:27,2023-07-05 13:56:41,141,S,C,NHE-681
463,D,2014,2023-07-01 22:22:39,2023-07-01 10:54:28,2327,C,P,H80-105
464,N,2005,2023-09-04 22:42:28,2023-07-07 10:10:04,2243,F,P,CC4-212
465,C,2018,2023-09-05 02:17:30,2024-02-11 13:11:25,2091,C,C,BDT-222
466,D,2013,2023-12-08 15:59:07,2024-05-14 07:54:06,4923,F,P,0UR-260
467,N,2018,2023-07-30 19:57:13,2023-09-14 16:34:23,3945,F,P,ZXC-285
468,C,2008,2023-09-24 02:59:18,2024-01-18 17:56:16,3896,S,P,TY0-002
469,D,2004,2024-01-27 01:43:43,2024-03-17 19:31:58,4554,S,R,UF7-363
470,N,2013,2023-10-30 12:33:16,2023-11-10 06:31:14,4691,S,P,N69-957
471,C,2016,2023-11-11 23:36:53,2024-05-24 12:28:55,2629,C,C,UGF-341
472,D,2015,2023-11-20 14:28:33,2023-12-08 03:47:52,2194,F,R,H0N-405
473,N,2012,2023-07-04 01:23:20,2024-05-15 20:19:38,483,C,C,M1C-347
474,C,2009,2024-03-27 20:11:14,2024-03-09 14:46:04,1248,C,C,72B-479
475,D,2012,2023-11-02 10:13:13,2024-04-02 19:44:11,781,C,C,6SA-263
476,N,2015,2023-12-22 23:12:26,2024-03-08 20:17:14,1485,S,R,2BQ-519
477,C,2003,2024-04-17 04:40:10,2023-07-13 17:52:05,2067,C,R,IW1-460
478,D,2006,2023-08-21 02:52:30,2023-08-29 14:08:48,2277,S,P,63D-564
479,N,2019,2023-06-22 05:33:11,2024-05-30 02:42:25,1303,S,R,BMX-806
480,C,2012,2023-08-13 12:02:49,2023-11-08 20:21:55,2847,F,R,TFA-246
481,D,2020,2024-03-11 14:09:09,2024-01-05 01:44:29,512,C,P,FQD-299
482,N,2011,2024-04-19 18:57:40,2023-11-02 02:47:07,1300,C,C,OIY-604
483,C,2017,2024-02-26 03:16:57,2023-07-23 05:15:40,2931,F,P,WAV-604
484,D,2015,2023-11-28 03:04:47,2024-02-10 10:34:33,2280,S,P,27B-560
485,N,2014,2023-12-01 06:24:53,2023-09-16 05:57:32,4528,C,C,9I4-019
486,C,2014,2023-09-17 00:52:38,2024-03-20 14:24:07,1432,F,P,WX6-869
487,D,2020,2024-04-29 14:30:20,2023-06-23 02:45:49,3344,S,P,WR8-917
488,N,2000,2023-12-06 13:09:52,2024-02-19 06:30:12,3723,F,C,ADR-481
489,C,2017,2023-11-20 00:43:50,2024-04-14 10:34:21,133,F,R,HQ6-899
490,D,2020,2024-03-17 03:58:06,2024-05-27 10:16:07,3966,C,C,N8L-046
491,N,2004,2024-01-03 13:36:07,2023-08-09 02:51:34,1263,F,P,GEN-803
492,C,2001,2023-10-28 13:25:01,2023-07-20 16:47:54,3958,S,R,756-154
493,D,2014,2024-01-06 22:23:53,2023-07-27 11:57:18,1397,C,P,NAC-041
494,N,2015,2023-07-13 11:20:00,2024-03-02 16:49:19,4964,C,P,1X3-522
495,C,1998,2024-02-06 09:17:38,2024-01-12 09:31:25,3242,F,C,PD2-059
496,D,2020,2024-05-20 21:12:57,2024-04-21 15:19:06,2681,F,P,OEZ-000
497,N,2016,2024-01-10 19:04:55,2024-03-21 19:15:32,3548,C,C,7K3-989
498,C,2005,2023-10-23 06:57:05,2023-06-16 23:40:10,4294,F,R,DR7-091
499,D,2010,2024-02-17 09:31:16,2024-03-28 07:55:54,3441,S,C,I1E-665
500,N,2003,2023-07-12 09:45:33,2024-01-07 18:45:56,897,F,R,8YO-083
501,C,2012,2024-01-24 10:08:31,2023-08-24 19:55:37,3340,C,P,AMI-543
502,D,0,2024-01-11 21:13:43,2023-09-15 20:09:00,4111,C,C,PQ1-048
503,N,2015,2023-12-03 15:00:26,2024-02-23 17:36:29,767,S,R,XKI-524
504,C,2014,2023-08-08 19:33:54,2023-10-14 16:30:16,2864,S,C,BV8-389
505,D,2008,2023-06-19 15:45:29,2024-05-11 10:44:35,895,S,R,97F-272
506,N,2017,2023-09-20 16:00:10,2023-06-11 13:32:19,1437,F,R,RMC-279
507,C,2013,2024-05-17 18:03:49,2023-07-04 15:23:02,669,C,P,U32-786
508,D,2008,2023-12-26 00:37:25,2024-06-06 15:18:08,3200,S,C,PJK-825
509,N,2005,2023-06-20 06:53:22,2023-08-24 11:20:03,2901,S,P,CCY-183
510,C,2005,2023-10-18 12:23:03,2023-06-28 05:43:52,4883,F,R,1YE-107
511,D,2014,2024-03-12 18:45:34,2023-09-17 23:36:35,745,S,C,ADE-453
512,N,2019,2023-06-21 08:05:06,2023-12-14 00:12:10,4719,C,P,4ZO-953
513,C,2016,2024-01-04 04:05:44,2023-12-20 06:04:29,713,S,C,06D-231
514,D,2019,2023-11-25 23:05:10,2023-11-22 21:49:40,3660,C,R,SVY-102
515,N,2015,2024-03-11 08:32:06,2023-11-08 19:19:54,409,F,P,ZWT-024
516,C,2013,2024-01-02 16:08:31,2024-03-02 00:41:54,4729,C,P,UIQ-595
517,D,2010,2023-12-24 18:13:22,2023-06-27 15:17:22,1374,F,P,C24-121
518,N,2016,2023-12-16 09:59:32,2023-07-16 17:31:32,2776,S,C,81K-575
519,C,2011,2023-12-03 01:01:09,2024-04-29 22:43:28,4378,F,R,L0B-007
520,D,2013,2023-08-04 13:22:19,2023-11-22 07:23:31,1675,F,C,U3Z-854
521,N,2016,2023-07-25 10:23:09,2024-01-07 21:30:01,2479,S,P,D2W-057
522,C,2018,2024-05-18 23:59:17,2024-05-27 19:45:01,100,F,C,UL7-545
523,D,2009,2024-01-08 19:10:28,2023-07-24 19:47:50,3311,F,R,DRW-878
524,N,2007,2024-02-01 11:38:32,2023-08-04 08:10:03,3318,C,P,LSV-352
525,C,2015,2023-12-17 10:55:01,2024-04-10 11:03:56,4264,F,R,GNJ-419
526,D,2012,2023-11-28 05:57:39,2024-03-12 07:44:34,4422,C,C,4PY-398
527,N,2008,2024-01-19 05:05:00,2024-01-17 00:17:04,163,F,P,U64-607
528,C,2008,2024-02-09 21:07:16,2023-06-27 09:14:11,3226,S,C,VPC-188
529,D,2014,2023-08-03 08:30:45,2023-07-08 11:55:37,3580,S,P,DSG-601
530,N,2010,2024-01-06 17:28:48,2023-11-27 04:01:44,4464,S,C,B12-681
531,C,2002,2024-02-19 01:43:25,2024-04-06 12:56:44,1690,S,P,FQW-254
532,D,2004,2023-10-01 19:04:03,2024-02-08 20:15:07,3634,F,R,GLQ-469
533,N,2014,2023-09-25 14:16:10,2023-07-25 16:19:29,180,F,R,9V9-023
534,C,2008,2023-12-06 13:27:42,2023-11-15 01:15:01,4952,C,P,3KR-547
535,D,2011,2024-01-06 10:13:09,2023-09-14 05:30:33,138,C,R,WMA-106
536,N,2012,2024-02-25 20:16:15,2024-01-24 18:50:25,3743,S,C,UHA-572
537,C,2015,2023-11-26 03:08:53,2023-11-30 18:22:19,685,C,R,QUD-987
538,D,2019,2023-09-03 21:15:57,2023-11-08 12:03:09,490,S,R,3VV-571
539,N,2017,2024-05-06 03:07:23,2023-08-15 16:12:26,3500,F,C,G91-663
540,C,2008,2023-08-31 12:14:11,2023-06-28 01:08:01,2212,C,R,JYJ-988
541,D,2012,2024-02-16 09:09:11,2023-12-30 09:25:52,1471,C,C,9EB-532
542,N,2003,2024-06-07 21:24:27,2023-06-30 09:03:41,1405,C,R,9U9-213
543,C,2010,2024-03-30 09:28:43,2024-01-09 01:54:53,3100,S,P,GWH-637
544,D,2012,2024-01-21 01:03:42,2024-01-04 19:10:54,1569,C,C,HRC-567
545,N,2004,2023-07-15 00:12:44,2024-01-19 23:49:47,2739,C,C,YD1-612
546,C,2017,2023-09-14 19:11:44,2023-10-07 13:45:06,2547,C,P,LVD-153
547,D,2010,2024-02-05 01:51:11,2023-07-06 15:04:27,4125,F,R,DLV-551
548,N,2014,2023-11-03 22:08:41,2023-06-10 08:31:36,2536,C,R,7K9-473
549,C,2007,2024-02-09 15:17:58,2023-07-16 06:33:16,3761,C,P,QKK-918
550,D,2013,2024-03-18 17:24:37,2024-03-03 00:28:14,1584,F,R,IN1-346
551,N,2004,2023-10-13 03:52:48,2024-05-10 14:04:42,763,C,P,O7B-268
552,C,2003,2024-05-28 16:13:19,2023-12-05 14:49:05,1596,C,R,91S-585
553,D,2012,2023-07-09 15:13:59,2024-05-31 08:55:50,3627,C,P,HEC-413
554,N,2017,2024-03-24 16:58:08,2023-10-18 23:49:11,1651,S,C,BK4-171
555,C,2007,2023-12-19 14:08:58,2024-01-15 23:37:41,4731,C,C,RQG-937
556,D,2018,2024-01-02 01:45:09,2024-04-01 01:58:39,2195,S,C,12Q-049
557,N,2018,2023-07-16 07:20:46,2024-03-16 12:46:30,2523,F,C,B63-704
558,C,0,2024-04-19 19:35:33,2023-07-24 08:32:09,3691,C,R,H2U-094
559,D,2014,2023-09-21 16:12:04,2024-04-23 11:07:45,3962,F,R,WW8-655
560,N,2012,2024-04-08 00:01:29,2024-05-01 02:17:51,1353,C,R,TLM-887
561,C,1997,2024-03-16 07:30:53,2024-03-01 20:09:33,2490,S,P,6AY-681
562,D,2008,2024-04-18 20:00:31,2024-03-22 12:05:11,1821,F,C,FU7-632
563,N,2016,2023-11-02 13:11:21,2024-04-11 06:41:59,441,F,R,C3X-139
564,C,2004,2023-12-10 08:24:24,2024-02-16 09:34:44,1958,C,P,D6I-393
565,D,2014,2024-01-30 14:28:34,2023-07-12 07:24:33,700,C,R,XY5-859
566,N,2018,2023-08-11 20:54:44,2023-08-11 04:57:20,1203,F,R,XPG-738
567,C,2014,2024-06-04 00:28:01,2023-08-27 19:51:38,4254,S,R,9H8-902
568,D,2010,2024-03-01 21:56:13,2023-09-26 02:04:07,2847,F,R,XOG-405
569,N,2014,2024-04-18 04:50:36,2023-10-22 21:11:45,3029,F,C,VIP-456
570,C,2004,2024-06-03 15:03:01,2024-01-25 11:59:43,2448,C,R,BRU-626
571,D,2018,2024-05-31 13:34:05,2024-01-24 12:16:29,3827,S,C,D4X-892
572,N,2020,2024-03-08 11:10:06,2023-11-06 10:55:43,4134,S,P,64B-896
573,C,2006,2023-06-23 19:04:14,2023-11-24 10:39:44,4434,C,P,RDO-320
574,D,2002,2023-08-08 19:32:05,2023-10-13 19:12:45,3198,F,R,5O6-070
575,N,2008,2024-04-28 08:26:20,2023-11-28 02:01:42,1499,C,R,JA8-862
576,C,2010,2023-11-10 12:36:05,2023-06-30 20:35:21,647,S,R,H6D-178
577,D,2020,2023-11-24 19:36:29,2024-03-27 17:39:13,279,S,R,1WN-499
578,N,2019,2024-01-27 22:24:13,2024-01-24 00:41:12,3982,C,C,IVN-005
579,C,2004,2024-05-08 12:07:58,2023-08-06 14:17:00,3660,F,R,WC2-640
580,D,2010,2023-08-05 07:09:42,2023-10-13 15:08:57,903,C,P,G85-751
581,N,2016,2023-10-18 00:48:28,2023-08-18 20:40:20,1665,S,P,TRA-036
582,C,2007,2024-04-11 00:24:25,2024-01-10 22:26:09,4750,C,R,G5Y-460
583,D,2014,2024-05-11 08:39:43,2024-03-09 05:27:22,2827,C,P,BZR-369
584,N,2011,2023-07-01 19:59:56,2024-03-11 13:45:31,3420,C,R,WGM-055
585,C,2019,2023-08-30 05:59:35,2023-08-26 05:01:14,4979,C,C,Q1Q-308
586,D,2020,2024-02-18 15:45:52,2024-01-29 07:39:32,3927,S,R,ICV-956
587,N,2014,2024-01-11 07:17:48,2023-07-25 03:16:12,3184,S,P,A0K-063
588,C,2006,2024-02-05 15:32:17,2023-07-21 22:34:01,4059,C,P,SMZ-847
589,D,2007,2023-09-22 15:43:52,2024-03-06 15:49:06,189,C,R,LLZ-617
590,N,2017,2024-03-15 19:23:39,2023-07-01 20:17:23,3455,F,R,FCX-278
591,C,2019,2024-04-29 22:50:29,2023-10-13 20:38:41,670,S,C,5UH-524
592,D,2016,2023-09-01 06:09:19,2023-09-23 11:54:01,353,C,P,MMO-113
593,N,2015,2024-03-10 20:43:44,2024-01-29 13:34:10,116,S,R,84O-953
594,C,2015,2023-12-17 15:42:29,2023-08-24 01:06:55,1065,C,C,6B2-714
595,D,2010,2024-04-04 11:01:09,2024-03-12 11:08:54,2986,F,R,WBY-854
596,N,2019,2024-01-05 18:24:09,2023-12-28 08:47:14,1439,C,R,PX6-162
597,C,2013,2023-11-02 23:29:55,2023-07-17 10:02:21,3714,S,P,BBA-666
598,D,2004,2023-08-10 20:18:39,2023-07-08 02:04:44,1769,S,R,IVM-335
599,N,2006,2024-04-10 15:53:27,2023-09-16 12:49:09,3471,C,C,W5R-682
600,C,2009,2023-07-09 12:52:22,2023-08-19 12:46:46,2388,C,P,8PP-997
601,D,2014,2024-05-10 22:30:45,2024-02-07 10:36:23,2731,F,R,4PW-402
602,N,2021,2024-01-01 01:24:59,2024-05-11 23:24:21,2151,C,P,PEE-032
603,C,2016,2024-04-12 21:08:02,2023-06-29 20:51:59,1003,C,R,L4V-742
604,D,2020,2023-11-02 01:56:45,2023-12-17 13:25:44,3346,S,P,PU7-044
605,N,2012,2023-09-07 12:16:26,2024-05-17 19:50:21,2098,F,P,5Y3-206
606,C,1997,2024-05-07 10:26:55,2023-11-19 20:21:21,1049,F,R,FHL-177
607,D,2005,2024-02-27 15:44:28,2023-11-16 18:02:27,819,C,C,SSY-385
608,N,2000,2024-03-11 06:38:34,2024-01-27 09:04:26,2412,C,P,ITO-759
609,C,2015,2023-09-26 16:31:53,2024-01-02 13:20:14,1986,F,R,ESC-389
610,D,2018,2023-12-18 16:16:09,2023-06-18 15:36:14,3713,S,R,CGZ-361
611,N,2012,2024-03-21 03:13:57,2023-11-24 11:25:59,3975,F,C,387-713
612,C,2016,2024-03-01 00:14:35,2023-07-22 08:46:55,2981,C,R,2VO-956
613,D,0,2023-11-26 23:38:23,2023-07-09 14:30:54,1982,C,R,PM8-890
614,N,2020,2024-03-29 01:39:50,2024-03-02 12:42:15,2335,F,C,WUG-214
615,C,2010,2023-11-16 20:16:05,2023-10-08 18:27:29,1220,C,P,IDD-866
616,D,2010,2023-09-23 17:41:40,2023-12-08 08:42:30,4930,S,P,BL6-796
617,N,0,2024-04-17 22:37:14,2023-12-20 00:35:04,4330,F,P,K3T-572
618,C,2010,2023-07-17 08:49:08,2023-12-22 22:09:27,4443,S,C,2YF-043
619,D,2010,2023-06-15 12:32:04,2024-02-09 13:40:34,3747,C,R,P3L-526
620,N,2012,2023-12-18 06:40:43,2024-03-01 00:58:08,1267,C,C,182-080
621,C,2010,2023-12-21 13:59:41,2024-03-17 14:30:40,2350,F,P,4HH-029
622,D,2002,2023-09-02 19:51:27,2023-10-13 20:39:52,1464,S,R,MJA-716
623,N,2016,2023-12-12 08:24:40,2024-01-19 23:29:40,4364,F,C,J6J-943
624,C,2018,2023-08-15 21:45:49,2023-06-22 13:58:52,541,F,R,ZQ8-628
625,D,2013,2024-04-18 14:40:48,2023-09-08 22:00:57,4064,F,C,MOE-033
626,N,2010,2023-11-10 15:04:04,2024-01-02 11:11:17,3938,F,P,A5O-262
627,C,2005,2024-01-10 18:48:30,2023-08-31 03:35:44,3241,S,R,0OE-448
628,D,2011,2023-06-27 02:06:46,2023-07-17 23:14:56,4468,F,C,LP6-512
629,N,2009,2024-06-05 07:43:46,2024-05-06 14:26:32,2203,S,P,TAB-880
630,C,2011,2024-01-27 03:55:00,2023-10-30 21:57:24,1079,S,P,X49-562
631,D,2014,2024-04-12 11:54:10,2023-06-18 13:03:27,2882,C,R,YFE-470
632,N,2003,2024-04-24 15:28:45,2023-08-03 09:18:35,3650,F,R,9U7-760
633,C,2005,2024-05-03 15:44:34,2024-05-13 14:44:32,1131,F,C,G4R-432
634,D,2016,2024-02-03 00:41:14,2023-11-25 19:56:21,4068,C,C,M4O-184
635,N,2012,2024-03-27 01:54:35,2024-05-10 12:20:23,1141,F,P,ZG8-611
636,C,2017,2024-04-20 15:00:21,2024-03-27 03:10:39,1398,C,P,7EG-680
637,D,2019,2023-07-31 22:29:36,2024-04-30 06:50:09,3479,C,P,Q4P-241
638,N,2016,2023-12-04 22:43:44,2023-10-24 16:51:37,1289,C,R,1V4-057
639,C,2012,2023-08-21 14:48:49,2023-11-12 14:18:09,3378,S,C,GAN-287
640,D,2008,2024-03-29 04:51:13,2023-09-08 11:53:33,4417,S,R,FP7-959
641,N,2013,2024-01-25 12:08:02,2024-02-28 07:29:20,3760,C,C,C7Z-333
642,C,2011,2024-01-18 22:45:04,2023-09-03 00:57:09,2225,C,C,ZB6-173
643,D,2006,2023-08-06 09:30:56,2023-06-27 10:39:36,3882,F,P,TBT-181
644,N,2014,2024-03-04 09:40:54,2023-12-15 21:27:40,1335,S,C,2K0-299
645,C,2018,2024-05-25 09:39:10,2024-01-11 13:22:15,1809,F,C,7CR-054
646,D,2009,2024-03-08 17:08:10,2024-03-01 10:28:07,1932,F,C,OH9-108
647,N,2015,2023-10-12 16:10:17,2023-11-05 07:09:13,3656,C,R,GLF-647
648,C,2018,2023-07-27 10:18:11,2024-02-09 17:34:43,3640,F,C,DR5-645
649,D,2018,2023-12-24 14:05:34,2023-09-02 04:27:06,242,S,C,Q0Q-963
650,N,2009,2024-01-02 14:33:53,2023-08-29 19:20:26,3276,F,R,XBZ-534
651,C,2014,2023-09-15 02:47:51,2023-12-15 07:12:42,587,C,R,IYB-876
652,D,2015,2023-10-19 13:05:53,2023-07-23 13:13:44,495,F,R,2QD-033
653,N,2002,2023-09-16 09:15:45,2024-04-30 00:28:40,3534,S,C,E9S-649
654,C,2000,2024-03-30 11:07:08,2024-01-07 02:17:11,4738,S,R,8OQ-999
655,D,2013,2024-04-11 20:45:24,2023-12-14 01:54:25,271,F,R,30J-899
656,N,2015,2023-06-28 18:43:00,2024-01-23 19:03:44,1322,C,R,IM9-870
657,C,2018,2023-07-08 11:38:01,2023-10-18 00:53:58,2925,F,R,OH1-578
658,D,2010,2024-01-22 08:39:29,2024-01-11 21:36:38,471,S,P,ELZ-259
659,N,2012,2023-08-07 22:51:46,2023-07-08 03:02:28,329,C,C,UYS-949
660,C,2007,2023-10-10 13:53:17,2023-10-04 05:59:15,4237,F,C,RXI-865
661,D,2013,2024-01-13 12:36:41,2023-11-27 20:14:54,3389,F,R,KAM-102
662,N,2008,2024-02-19 18:46:45,2024-04-14 22:14:07,4677,F,C,3N6-556
663,C,2004,2024-04-29 12:14:42,2023-12-28 18:24:20,2216,F,P,0O1-049
664,D,2012,2023-10-28 10:35:20,2024-01-27 05:19:45,4101,F,R,125-645
665,N,2014,2023-07-27 23:29:40,2023-11-17 06:45:06,1197,S,C,QE6-726
666,C,2018,2024-02-17 03:30:37,2023-11-09 00:39:09,286,S,R,2SB-217
667,D,2004,2023-10-03 00:14:01,2023-08-23 16:54:24,2913,F,R,BLN-162
668,N,2009,2023-06-24 14:23:52,2023-11-29 15:53:21,4582,S,R,4HZ-229
669,C,0,2024-05-28 21:46:16,2023-07-29 18:00:31,3313,S,R,U1K-978
670,D,2017,2023-11-03 03:34:44,2024-02-02 10:40:38,3050,C,P,YAE-085
671,N,2013,2024-03-12 19:41:40,2024-05-28 00:41:33,3594,C,R,9FM-130
672,C,2016,2023-09-21 07:08:02,2023-07-31 03:40:41,4084,S,C,XJG-561
673,D,2017,2023-11-16 02:30:27,2023-07-15 14:47:57,628,F,P,I6W-293
674,N,2008,2023-09-29 08:59:36,2024-02-15 02:02:51,4937,F,P,BXA-393
675,C,2016,2023-08-25 13:05:04,2023-08-20 01:38:27,2518,S,R,ED0-996
676,D,2010,2024-01-26 15:07:12,2023-06-30 10:40:04,3794,C,R,QRN-999
677,N,2018,2023-08-04 18:39:54,2024-05-18 23:48:40,2002,F,R,51T-190
678,C,0,2023-06-09 23:35:20,2023-09-04 06:15:49,4222,S,C,ZSY-148
679,D,2014,2023-10-21 16:55:34,2023-12-01 15:55:35,998,F,C,5SN-541
680,N,2017,2023-07-12 13:27:33,2023-08-09 17:50:53,4451,F,R,5YV-321
681,C,2008,2023-12-08 15:13:36,2024-03-21 10:47:46,4699,F,C,L8V-307
682,D,2018,2023-07-09 11:29:51,2024-01-01 03:38:17,3341,F,R,OO5-888
683,N,2008,2023-12-30 21:46:40,2023-11-17 10:37:58,3881,F,P,DNJ-312
684,C,2019,2023-12-05 09:21:30,2023-09-23 15:18:10,1253,F,P,7R5-229
685,D,0,2023-12-10 20:41:03,2023-09-13 02:44:44,2980,F,C,QMC-330
686,N,2015,2023-06-20 10:14:07,2023-12-08 09:20:03,4793,C,C,8FA-649
687,C,2013,2024-05-11 07:56:25,2023-11-01 14:41:44,4895,S,R,5XX-342
688,D,2017,2024-04-25 19:54:02,2023-06-21 04:33:44,1401,C,R,UPW-963
689,N,2006,2024-02-24 14:48:09,2024-05-19 22:31:35,121,F,C,1C7-520
690,C,2015,2024-04-21 07:21:33,2024-04-01 17:32:52,897,F,C,VXW-836
691,D,2013,2023-08-18 00:09:54,2024-01-13 07:22:14,3932,S,R,KYC-509
692,N,0,2024-02-29 10:03:57,2024-05-24 05:48:33,1504,F,C,VBA-425
693,C,2005,2023-09-29 21:48:16,2023-11-09 21:49:05,2116,C,P,2R8-668
694,D,2012,2023-10-02 17:44:17,2023-09-18 23:54:44,3224,C,C,B2E-756
695,N,2016,2024-04-15 13:14:19,2023-10-07 07:43:03,2058,C,C,1L0-436
696,C,2015,2024-04-30 11:01:43,2023-12-19 02:07:07,562,F,P,R8V-024
697,D,2011,2024-03-21 13:05:33,2023-07-05 03:41:58,4897,C,R,0B6-052
698,N,2006,2023-12-10 00:27:12,2023-08-30 09:45:55,4810,F,R,AAN-807
699,C,2010,2024-02-13 07:43:27,2023-11-08 22:53:07,3584,S,C,OH1-685
700,D,2019,2023-08-04 20:27:09,2023-07-08 06:31:02,3694,C,R,CSE-946
701,N,2017,2024-04-06 14:40:56,2024-04-05 12:14:19,3271,S,R,7BD-840
702,C,2019,2024-03-18 03:05:13,2024-04-25 09:10:43,2323,F,C,EQU-501
703,D,2008,2024-04-26 23:24:30,2023-10-29 20:32:20,3002,F,P,KXE-999
704,N,2011,2023-06-10 06:05:26,2023-10-20 05:53:51,4110,C,C,A3Y-997
705,C,2020,2024-05-13 13:14:36,2024-04-16 02:35:03,500,S,R,6LC-348
706,D,2018,2023-12-08 07:10:27,2023-09-20 00:41:30,3880,S,P,A20-548
707,N,2016,2023-08-17 12:30:46,2023-07-25 23:35:13,2954,F,P,H4K-232
708,C,2011,2024-04-29 21:09:27,2024-05-14 19:04:01,2929,F,C,A68-352
709,D,2014,2024-04-10 13:12:43,2024-04-29 17:49:08,2136,C,R,IXK-184
710,N,1997,2024-05-26 05:37:27,2023-08-31 11:40:08,2573,F,P,58G-491
711,C,2003,2024-05-08 20:34:21,2024-03-23 03:50:01,865,F,R,I18-436
712,D,2015,2024-04-10 13:07:20,2023-09-16 23:24:04,2678,S,C,SKO-206
713,N,2010,2024-03-17 01:27:37,2024-04-04 16:25:47,4950,S,C,PDN-928
714,C,2004,2024-05-15 19:56:20,2024-02-20 15:38:18,4297,S,R,RLS-482
715,D,2010,2023-11-23 19:52:07,2023-06-12 19:57:17,2245,F,C,ZNC-469
716,N,2016,2023-07-04 15:10:20,2023-12-29 23:10:31,1688,C,R,PFU-677
717,C,2009,2024-01-01 15:15:13,2024-06-03 15:55:09,2368,F,C,CWS-498
718,D,2015,2024-04-30 06:06:04,2024-05-01 12:18:46,4819,S,R,O9A-480
719,N,2019,2023-11-23 08:54:40,2023-09-13 23:30:52,4517,C,R,WWQ-120
720,C,2013,2023-11-26 19:56:28,2023-10-03 14:11:49,1935,S,R,IUV-229
721,D,2020,2023-09-22 19:11:23,2024-03-14 04:44:53,298,F,P,VEL-404
722,N,2013,2024-03-02 15:12:22,2023-10-11 20:15:10,3806,S,C,2FG-936
723,C,2019,2024-01-21 12:59:18,2023-12-12 12:35:37,4445,F,R,BTD-712
724,D,2006,2024-03-30 17:27:05,2023-10-29 12:14:51,1685,F,R,6Q6-257
725,N,2012,2023-10-05 03:11:03,2024-01-22 15:36:27,3144,F,P,P5N-726
726,C,2010,2023-08-09 14:30:46,2024-01-08 13:25:14,3617,S,R,Z4W-582
727,D,2004,2024-05-09 04:01:14,2023-10-15 22:39:41,213,C,C,THP-908
728,N,2014,2023-08-28 02:44:03,2023-08-21 23:13:15,1042,C,R,RE3-896
729,C,2007,2024-04-24 23:30:04,2024-03-24 16:02:01,4891,C,C,BQU-530
730,D,2008,2024-03-18 20:32:32,2023-10-24 20:03:47,1323,F,C,QJJ-553
731,N,2012,2023-12-06 09:15:02,2023-12-23 22:36:41,4875,F,C,F9C-118
732,C,2010,2024-03-26 12:05:02,2023-12-14 11:54:02,213,S,C,HXG-515
733,D,2003,2023-08-16 18:06:00,2023-07-29 00:50:40,2115,S,R,XYF-706
734,N,1995,2024-05-21 18:24:17,2024-01-19 22:27:26,466,S,R,HL7-227
735,C,2017,2023-12-15 20:25:32,2023-12-23 17:34:51,4592,S,C,SBM-998
736,D,2020,2023-10-14 04:39:31,2024-02-09 08:44:24,951,C,P,FAK-339
737,N,2008,2023-07-06 01:36:31,2024-02-01 11:28:28,3341,C,C,T0R-883
738,C,2004,2024-02-10 18:13:59,2023-12-06 21:49:45,1583,F,C,SGC-613
739,D,2013,2024-01-07 14:36:13,2023-09-04 08:16:22,3917,C,C,6B2-418
740,N,2015,2023-06-23 16:04:48,2023-12-20 05:49:23,2744,C,R,U1A-472
741,C,0,2024-03-08 21:50:59,2024-02-21 15:31:56,1050,S,C,RQ8-450
742,D,2015,2023-08-29 21:10:51,2023-07-06 22:06:14,4142,F,R,O1M-911
743,N,2012,2024-04-09 08:46:01,2024-01-01 12:43:35,868,F,R,52U-747
744,C,2000,2023-12-25 10:54:39,2023-12-21 22:25:32,2307,S,P,CL1-970
745,D,2014,2024-04-20 13:33:37,2024-01-29 22:53:36,122,S,P,KKV-404
746,N,2008,2023-12-15 20:34:55,2023-08-28 22:03:16,4659,C,R,4WM-775
747,C,2006,2024-06-08 13:18:35,2023-11-12 18:41:05,1089,S,R,MWP-970
748,D,2014,2024-04-04 18:43:48,2023-12-16 21:18:45,2915,S,P,C15-742
749,N,2011,2023-06-27 02:58:16,2023-07-19 08:41:03,4968,S,R,DRF-701
750,C,2012,2024-02-01 05:59:16,2024-01-12 06:42:55,4661,F,P,AMY-027
751,D,2002,2024-01-20 09:01:21,2023-10-28 22:35:45,4286,S,P,UV3-790
752,N,0,2024-05-08 04:47:35,2023-12-22 13:05:14,2604,F,P,AHL-745
753,C,2013,2024-04-14 13:43:01,2023-07-07 20:42:47,4267,F,C,IQ5-351
754,D,2011,2024-05-27 14:19:11,2024-01-02 18:07:13,1944,S,R,UDS-559
755,N,2015,2024-02-11 01:54:40,2023-09-27 01:08:47,1923,C,R,9P4-210
756,C,2014,2024-05-06 22:46:38,2024-01-06 09:20:19,3643,F,R,M47-903
757,D,2019,2023-07-07 02:34:30,2023-10-31 09:59:41,833,C,P,XSB-202
758,N,2017,2024-04-08 01:15:05,2024-02-23 22:51:01,2061,S,C,1KJ-595
759,C,2015,2023-10-15 13:34:59,2023-09-11 02:45:17,652,C,R,72I-038
760,D,2012,2023-10-30 00:35:52,2024-01-08 07:55:02,678,S,P,UX1-682
761,N,2008,2024-04-21 10:52:44,2023-09-19 13:59:13,4950,S,R,TLN-846
762,C,0,2023-10-01 13:30:18,2024-01-11 03:25:11,4314,C,P,VIU-181
763,D,2019,2024-05-11 13:08:54,2023-09-20 18:37:15,1474,F,R,3MY-963
764,N,0,2023-06-26 14:23:48,2024-04-26 16:59:21,784,C,P,0BM-147
765,C,2007,2023-06-22 17:38:31,2023-10-20 08:58:43,1811,C,R,SRH-775
766,D,2016,2024-03-03 08:34:04,2024-02-03 01:09:25,2953,S,C,JNR-725
767,N,2008,2024-04-02 23:12:21,2023-11-06 14:30:12,2334,S,P,CQH-587
768,C,2015,2024-06-01 18:14:45,2023-07-28 02:27:14,1370,S,R,IBM-789
769,D,2008,2024-05-09 17:23:18,2024-02-16 14:21:43,629,F,C,KGO-114
770,N,2018,2024-01-29 21:58:52,2024-02-21 21:19:31,659,F,P,J4S-483
771,C,2013,2023-10-24 07:17:02,2024-04-07 06:31:23,2446,S,P,VGS-329
772,D,0,2023-07-29 09:52:35,2023-06-11 16:43:16,4492,S,R,TVU-604
773,N,2007,2023-11-07 11:44:46,2024-03-15 13:35:40,1988,F,R,MWR-363
774,C,2016,2023-10-30 04:53:50,2024-03-14 07:34:17,1015,C,C,Q8W-759
775,D,2003,2024-02-19 22:00:44,2024-04-05 01:13:48,4194,S,P,1RO-350
776,N,2005,2023-07-29 14:48:42,2023-10-18 01:37:15,930,F,R,52L-223
777,C,2015,2023-11-26 07:27:04,2024-03-24 11:57:32,2069,C,C,B41-799
778,D,2015,2023-10-21 03:18:55,2024-01-06 13:14:29,521,F,R,XKV-253
779,N,2016,2024-05-30 08:46:51,2023-11-22 09:56:08,2529,C,C,J9B-847
780,C,2016,2023-10-08 23:17:25,2023-08-23 05:04:13,3004,S,P,1M3-642
781,D,2020,2024-03-06 17:10:37,2023-08-09 00:46:41,3873,F,P,Z7R-170
782,N,2012,2023-08-19 21:00:26,2023-08-21 06:55:57,2744,C,R,XBR-168
783,C,2020,2023-11-13 02:39:29,2024-05-22 00:23:47,3438,S,R,7CJ-409
784,D,0,2023-09-14 03:47:16,2024-03-15 22:26:11,598,S,C,6R8-239
785,N,2013,2024-01-16 05:55:12,2024-02-02 19:56:30,1987,C,R,9WI-309
786,C,2015,2024-02-17 15:42:27,2024-04-23 21:45:46,1801,S,R,8PI-196
787,D,2008,2023-12-18 19:37:32,2023-07-13 13:01:05,2554,C,C,DBL-561
788,N,2000,2024-05-12 04:35:04,2023-10-08 07:56:50,1187,F,C,XRS-354
789,C,2018,2024-03-11 01:46:14,2024-04-28 13:01:38,2171,F,P,XAX-715
790,D,2013,2023-12-13 05:27:49,2024-01-12 20:47:22,2462,C,R,NIZ-427
791,N,2015,2023-10-13 15:43:05,2023-07-03 12:25:31,3287,C,C,T1G-617
792,C,2012,2024-05-06 23:37:59,2023-12-15 07:10:42,639,C,C,LPO-765
793,D,2014,2023-07-21 19:35:11,2024-05-30 21:47:21,4619,F,P,Q4F-947
794,N,2009,2024-03-31 14:16:06,2024-05-31 06:41:35,776,F,R,T8J-053
795,C,2015,2023-06-30 10:50:15,2024-02-20 20:57:04,1506,F,C,WCN-348
796,D,0,2023-12-15 20:34:33,2023-08-05 19:46:18,2989,F,C,63L-175
797,N,2011,2023-10-12 15:41:54,2023-08-21 16:21:52,4558,F,C,VYH-103
798,C,2015,2024-03-07 05:33:51,2024-02-23 06:10:53,2202,C,C,BKH-786
799,D,2017,2024-04-05 17:01:11,2024-05-31 00:55:19,2101,C,C,RWU-092
800,N,2013,2024-03-15 20:03:57,2024-05-01 21:00:53,3707,C,R,CW5-489
801,C,2018,2024-05-30 07:22:21,2023-07-19 08:28:20,1454,F,P,13Z-166
802,D,2020,2023-10-05 15:47:56,2024-03-20 15:18:13,4824,F,P,F9S-161
803,N,2013,2024-03-04 11:57:23,2023-06-13 01:54:10,2486,F,R,CJ4-490
804,C,2007,2023-06-15 17:46:28,2023-07-09 08:52:59,3678,C,C,HQ2-943
805,D,2018,2024-01-22 18:47:04,2023-12-04 16:51:59,446,S,R,L3Q-654
806,N,2020,2024-02-04 12:39:43,2023-09-09 08:45:37,3042,C,P,2AI-547
807,C,2015,2024-05-20 02:54:33,2023-08-16 11:39:15,1145,C,P,7FW-292
808,D,2018,2024-02-25 14:06:39,2023-12-17 09:14:39,1616,C,P,TM9-952
809,N,2015,2024-04-13 02:16:41,2024-04-29 00:47:45,2295,C,P,YQG-293
810,C,2011,2024-03-06 03:44:24,2023-10-17 09:27:18,2918,F,P,Y0H-698
811,D,2019,2024-06-07 10:54:31,2023-12-10 14:51:50,2818,C,C,PBW-451
812,N,2009,2023-11-23 14:05:31,2024-04-27 10:32:05,1619,S,P,IJZ-310
813,C,2016,2023-10-15 18:06:26,2023-09-14 04:05:36,2129,C,C,IJK-730
814,D,2005,2024-01-02 22:12:48,2024-01-03 02:57:42,4352,C,R,AF9-355
815,N,2004,2024-01-20 17:54:40,2024-04-01 20:49:31,355,F,P,NZA-763
816,C,2017,2024-04-04 14:25:06,2024-01-28 21:30:11,4689,C,C,ZIY-298
817,D,1999,2024-05-26 10:02:14,2024-01-31 18:34:13,2223,S,C,G04-312
818,N,2012,2023-07-03 10:03:46,2024-01-23 17:29:41,524,S,C,EB1-466
819,C,2016,2023-12-25 21:46:22,2024-01-17 21:55:35,1685,C,P,QTG-266
820,D,2009,2023-11-04 13:46:20,2023-11-02 03:36:43,1273,S,R,189-385
821,N,2019,2024-01-14 21:12:58,2023-12-23 17:01:44,3999,C,C,Z8S-171
822,C,2006,2023-11-29 23:03:02,2023-10-30 03:55:00,3785,S,P,6ZX-071
823,D,2019,2023-10-22 15:18:03,2024-01-18 08:42:20,2861,S,P,KE3-181
824,N,2007,2024-04-26 03:56:56,2023-12-28 02:17:32,2750,S,P,6LH-954
825,C,2015,2023-06-19 22:14:22,2023-07-15 14:29:49,4410,C,P,2YN-145
826,D,2014,2024-03-10 12:00:03,2024-05-27 01:09:01,2399,F,R,GRY-488
827,N,2018,2024-03-24 20:21:37,2023-07-27 06:31:17,3276,F,C,A67-756
828,C,2020,2023-10-26 17:20:30,2024-01-14 20:59:30,3118,C,C,0KX-330
829,D,2011,2023-10-11 10:55:21,2024-04-02 09:55:01,2799,F,R,T4L-186
830,N,2005,2023-11-02 15:29:24,2023-12-26 22:06:43,4127,S,C,CB2-280
831,C,0,2023-09-05 07:39:57,2023-09-12 03:14:46,2108,F,R,HFO-103
832,D,2013,2023-08-13 09:29:18,2023-08-16 07:30:59,4447,S,P,0SB-076
833,N,2012,2023-10-31 19:34:17,2024-03-01 08:09:58,1651,C,P,5AF-460
834,C,0,2023-12-22 09:33:56,2024-02-20 07:35:22,3884,S,R,0VH-075
835,D,2013,2024-04-12 18:08:42,2023-07-13 05:56:49,2884,F,P,FU4-283
836,N,2017,2024-04-20 20:55:46,2023-06-17 23:39:18,3526,F,P,G1X-172
837,C,2012,2024-03-27 19:25:19,2023-11-27 02:52:47,1850,C,R,L3V-433
838,D,2008,2024-05-22 02:44:56,2024-01-25 09:09:39,3622,F,R,63O-876
839,N,2020,2023-08-30 03:37:28,2024-06-07 23:10:47,1827,S,P,BTO-908
840,C,2003,2023-10-12 00:12:08,2023-12-31 12:36:45,4561,F,C,EXT-349
841,D,2016,2023-08-17 02:13:45,2024-02-06 19:23:44,1377,C,P,9FI-664
842,N,2020,2023-12-29 18:53:35,2024-06-08 02:08:09,221,C,R,7C2-787
843,C,2013,2023-08-30 05:23:33,2024-06-07 03:44:55,3002,C,C,U2K-966
844,D,2012,2023-12-26 05:37:57,2024-05-20 20:35:15,1053,F,C,OBA-429
845,N,0,2024-04-15 17:42:26,2023-08-09 22:25:24,406,F,R,8FL-193
846,C,2010,2023-07-11 21:10:15,2023-07-27 22:15:58,1666,C,P,G9E-404
847,D,2015,2023-09-05 08:45:27,2024-04-13 20:29:53,2293,C,R,Y5G-505
848,N,2009,2024-04-26 13:57:51,2024-04-07 00:36:28,4586,S,C,09L-324
849,C,2017,2023-06-16 17:38:24,2023-11-09 00:59:03,300,C,P,8AJ-908
850,D,2015,2023-11-09 04:55:17,2023-08-24 14:47:09,2603,F,C,TFF-147
851,N,2006,2024-03-27 12:06:08,2023-11-14 16:33:59,830,F,R,E6L-182
852,C,2009,2023-09-01 21:36:41,2024-04-23 06:00:41,4801,F,C,2NP-299
853,D,2015,2023-06-22 05:10:59,2023-11-18 04:45:59,1843,S,P,MWX-895
854,N,2018,2023-12-12 17:46:36,2023-06-12 20:56:41,2462,F,P,51G-358
855,C,2008,2023-07-16 00:32:13,2023-12-29 05:14:45,3176,F,R,2TQ-426
856,D,2019,2024-04-02 11:13:26,2023-12-31 14:13:03,2221,S,C,P6S-976
857,N,2019,2024-01-13 13:14:45,2023-08-20 19:45:36,816,S,P,BM5-747
858,C,2018,2023-07-27 23:21:03,2024-03-13 01:48:45,3588,C,P,TU7-251
859,D,2015,2023-10-08 00:58:34,2024-05-05 03:57:37,335,F,R,F79-141
860,N,2018,2023-12-10 09:27:57,2024-05-12 21:21:04,3945,F,P,FTT-636
861,C,2009,2023-11-03 03:36:39,2023-11-07 10:01:02,1935,C,C,1HE-042
862,D,2012,2023-11-22 10:55:46,2024-04-30 20:06:14,1875,C,C,S4N-052
863,N,2008,2023-10-02 16:07:05,2023-09-18 00:36:44,4532,F,R,B40-656
864,C,2010,2024-02-17 12:54:39,2024-05-06 04:50:30,2848,C,R,6DP-348
865,D,2020,2023-12-26 03:14:12,2024-01-16 10:08:33,3214,C,R,D52-212
866,N,2013,2023-11-02 03:58:03,2023-11-08 04:31:07,3851,S,C,IVC-051
867,C,2016,2023-06-25 01:58:41,2023-10-05 16:43:09,4548,C,C,V4W-270
868,D,2013,2023-12-13 12:50:29,2024-01-14 00:08:07,704,S,P,2FY-360
869,N,2016,2023-09-19 07:50:54,2023-10-12 22:26:36,1291,F,R,PIR-176
870,C,2018,2023-08-11 09:45:57,2024-05-15 13:49:53,477,F,P,48D-778
871,D,2010,2023-10-24 07:51:34,2024-01-01 14:33:37,2308,F,P,KKK-996
872,N,0,2023-06-13 04:07:15,2023-11-20 01:46:18,4557,F,C,Y1B-823
873,C,2014,2023-06-22 21:26:14,2023-10-18 12:02:03,4618,C,P,08W-446
874,D,2000,2023-09-19 22:02:29,2023-11-04 12:49:20,378,C,C,J58-331
875,N,2020,2023-11-20 03:25:10,2023-12-16 16:21:13,3366,C,R,PD4-093
876,C,2010,2024-03-03 01:03:38,2023-08-12 23:15:35,4174,F,C,QJJ-496
877,D,2004,2024-05-16 23:01:52,2023-06-25 21:03:51,2895,C,R,SCS-522
878,N,0,2023-12-21 18:18:09,2023-10-13 02:41:57,2741,S,P,1IH-888
879,C,2003,2024-03-28 09:11:33,2023-11-03 08:38:29,358,S,P,4EW-059
880,D,2020,2024-04-19 00:58:37,2023-07-21 04:35:38,2735,F,R,PFJ-902
881,N,0,2024-01-07 23:44:08,2023-08-23 23:11:12,3498,C,C,2ML-199
882,C,2006,2023-06-25 06:01:00,2023-09-05 07:45:16,690,C,R,9X4-660
883,D,2014,2024-03-17 06:00:44,2024-05-18 14:38:47,3388,F,R,9OT-068
884,N,2013,2023-12-03 09:48:00,2024-05-20 13:43:08,1762,S,P,PUQ-427
885,C,2014,2024-04-24 04:10:27,2023-08-25 03:30:27,2275,F,P,T99-745
886,D,2016,2023-12-08 22:39:14,2023-09-12 14:41:26,522,C,R,UW5-218
887,N,2013,2023-09-26 15:23:16,2024-06-04 15:58:08,693,C,P,S4C-995
888,C,2016,2024-06-05 14:21:43,2024-01-07 19:46:06,2465,S,C,R8M-202
889,D,2013,2023-11-24 20:59:13,2024-05-20 17:22:09,3776,S,R,W5H-218
890,N,2014,2023-09-24 07:19:54,2024-05-22 05:53:02,1172,C,P,FCD-217
891,C,2020,2023-11-03 19:24:15,2024-05-08 09:27:08,1241,S,C,IIH-151
892,D,2010,2024-04-02 07:40:17,2023-12-02 07:35:04,2731,S,P,LRG-735
893,N,2018,2024-02-11 03:47:23,2023-11-15 04:55:36,3518,S,C,7CE-751
894,C,2012,2024-01-07 11:48:17,2024-02-02 21:25:24,186,S,R,K2I-797
895,D,2012,2023-11-07 08:20:13,2024-01-26 22:35:00,1156,S,P,BDX-591
896,N,2002,2024-05-29 08:29:24,2023-06-22 23:31:30,3514,F,C,FN8-090
897,C,2015,2024-04-23 09:29:07,2024-02-22 07:49:01,3930,C,P,Z1D-438
898,D,2014,2023-07-27 15:59:54,2024-04-29 01:20:51,2404,F,C,PAE-556
899,N,2014,2023-09-14 19:55:46,2023-07-11 18:36:42,2023,C,R,RXB-200
900,C,2013,2023-12-06 04:59:01,2024-02-02 21:03:58,1051,F,R,QW7-658
901,D,2009,2024-01-15 15:27:07,2023-10-22 03:45:21,1846,F,R,6ZS-812
902,N,2007,2023-11-07 21:54:11,2024-03-13 09:52:01,842,F,C,QX6-910
903,C,2012,2024-04-28 05:35:47,2024-02-28 04:39:54,224,C,P,C18-427
904,D,2007,2023-09-09 01:43:09,2023-11-07 00:28:00,1796,S,C,K36-491
905,N,2014,2024-04-07 22:22:26,2024-04-13 02:52:20,4106,F,P,FHD-981
906,C,2013,2023-09-05 13:43:30,2023-07-01 13:20:24,1895,F,P,FE6-204
907,D,2017,2024-04-16 06:45:44,2024-05-08 10:47:59,578,C,C,3R6-983
908,N,2012,2023-12-26 19:33:15,2024-02-21 06:00:02,3407,S,P,86S-597
909,C,2017,2023-11-06 23:45:34,2023-11-17 21:59:02,843,F,P,FV6-478
910,D,2006,2024-03-15 08:01:52,2024-01-31 17:24:14,3402,F,P,8A5-288
911,N,2017,2023-09-03 17:32:53,2024-02-22 08:18:15,1768,C,P,G7G-802
912,C,2004,2024-04-01 15:16:28,2023-07-13 20:11:57,4987,C,C,MYA-568
913,D,2010,2023-09-15 13:12:46,2024-04-09 05:54:24,454,F,R,S0G-086
914,N,2005,2024-04-03 18:59:47,2024-01-27 09:43:46,3906,F,C,W15-674
915,C,2009,2024-01-20 21:01:32,2023-09-11 22:58:04,1473,C,R,RQ8-293
916,D,2013,2024-03-14 22:45:06,2024-03-14 15:35:24,3475,S,P,BQP-099
917,N,2018,2024-05-23 12:22:57,2023-11-03 01:38:47,4739,F,P,TR4-377
918,C,2019,2023-12-26 03:14:00,2024-02-11 00:00:51,2727,F,C,0X2-431
919,D,2012,2023-12-06 22:04:15,2024-05-07 16:58:34,1894,F,C,CIP-734
920,N,2017,2024-05-26 03:53:32,2024-02-13 15:32:48,4760,S,R,Y7L-064
921,C,2010,2024-01-15 14:36:18,2024-02-13 21:26:36,4278,S,R,EYG-775
922,D,2016,2024-05-11 22:39:04,2024-01-01 00:59:15,3574,F,R,P27-841
923,N,0,2023-07-22 09:26:31,2024-03-30 07:26:02,411,F,P,1ZW-459
924,C,2020,2023-12-19 23:34:50,2024-05-31 01:33:23,224,S,P,9R8-937
925,D,2009,2023-09-28 18:40:57,2023-12-25 16:21:15,230,F,P,DHN-447
926,N,2016,2023-10-01 14:06:59,2023-10-28 21:04:06,1008,F,C,QF8-127
927,C,2014,2023-08-15 14:47:10,2023-11-03 00:59:49,2900,S,R,GL0-218
928,D,2013,2024-05-11 09:19:13,2024-02-19 04:13:15,3319,C,R,XXZ-419
929,N,2009,2023-06-11 09:31:01,2024-06-08 14:53:49,4366,F,R,YAH-865
930,C,2004,2023-06-23 11:27:54,2024-01-28 17:48:06,2430,C,C,CW8-199
931,D,2010,2023-11-11 03:45:15,2024-03-03 12:49:40,1658,C,R,GRR-075
932,N,0,2023-07-05 10:13:40,2023-07-08 13:02:16,1168,C,C,EC4-171
933,C,2015,2024-04-09 16:51:01,2024-05-18 16:23:18,1760,S,R,YTW-980
934,D,2010,2023-08-10 05:31:52,2024-02-16 13:07:42,2529,F,R,NBM-077
935,N,2019,2024-05-14 11:09:40,2024-04-16 09:14:14,830,S,P,4NY-955
936,C,2006,2024-01-29 10:10:18,2024-04-26 18:22:19,4214,C,C,37F-491
937,D,1996,2023-12-30 13:10:46,2024-03-05 03:10:41,4962,F,P,7KI-787
938,N,2006,2024-02-05 06:45:21,2024-01-01 20:22:50,604,C,P,ZXH-371
939,C,2017,2024-05-28 09:25:34,2023-07-31 19:55:34,1935,S,C,GFU-773
940,D,2006,2024-01-26 17:17:05,2024-03-24 14:41:46,1016,C,P,IT5-856
941,N,2006,2023-07-23 06:38:17,2023-07-28 18:16:45,1846,C,R,WAT-277
942,C,2017,2024-03-30 01:39:23,2024-04-23 19:58:57,795,S,P,IXD-734
943,D,2012,2023-08-10 11:59:26,2023-08-11 21:48:40,4671,F,C,WLE-042
944,N,2013,2023-06-09 14:16:30,2024-03-01 21:40:04,3652,S,C,QCE-118
945,C,2005,2023-07-31 08:11:20,2024-02-22 23:53:10,4550,F,R,QAM-358
946,D,2020,2023-10-13 08:05:59,2024-04-26 16:29:18,3533,S,R,XSX-404
947,N,2012,2023-08-29 20:12:19,2023-10-07 03:39:33,1658,F,C,W35-759
948,C,2013,2024-04-08 12:52:51,2023-12-05 10:31:16,1766,F,P,NOK-082
949,D,2016,2023-07-03 19:44:09,2023-11-21 09:56:33,1689,F,C,141-629
950,N,2014,2023-11-10 19:40:43,2024-04-29 15:23:07,1353,F,C,I9V-768
951,C,2012,2023-08-21 13:18:19,2023-08-18 08:02:52,4628,C,C,ZIA-081
952,D,2012,2023-09-20 08:22:56,2024-03-09 08:01:04,2896,F,P,I5K-169
953,N,2020,2023-09-26 02:11:23,2024-04-13 06:25:09,2393,C,R,XXQ-365
954,C,2011,2023-09-14 03:09:46,2024-05-27 20:24:16,3866,C,P,LAE-011
955,D,2018,2023-09-07 04:08:49,2024-01-25 22:03:59,848,C,C,RWS-470
956,N,2019,2024-02-04 07:13:12,2023-12-16 22:17:07,2776,S,C,UXJ-699
957,C,2017,2023-12-02 00:54:33,2023-07-30 08:01:56,2587,F,R,9CI-317
958,D,2006,2023-08-21 16:47:30,2023-10-12 13:01:39,3531,S,R,BLU-162
959,N,0,2023-07-22 16:59:33,2024-03-08 00:49:15,1856,F,C,HPA-689
960,C,1998,2024-05-18 07:39:21,2024-03-03 15:05:39,1972,S,C,AXM-014
961,D,2014,2023-08-04 04:38:23,2024-01-13 23:22:32,2702,F,P,5V4-226
962,N,2005,2023-06-14 13:59:20,2024-02-26 04:28:25,3942,F,P,N7K-424
963,C,2014,2023-08-27 10:34:01,2023-10-05 19:50:18,1414,S,R,CDB-431
964,D,2019,2023-08-20 22:23:04,2024-02-09 21:09:39,1812,S,R,LKL-187
965,N,2011,2024-01-27 03:39:06,2023-10-12 04:44:30,2785,C,R,790-256
966,C,2009,2023-11-02 15:31:52,2024-02-13 08:35:44,1784,S,P,UJA-781
967,D,2019,2024-01-26 12:40:41,2023-06-24 05:05:37,4153,F,P,RHX-586
968,N,2012,2023-10-09 08:45:43,2024-05-12 20:03:45,1229,C,C,X0H-788
969,C,2009,2023-09-24 13:40:30,2023-10-21 16:14:37,4294,C,P,JEI-574
970,D,2015,2023-07-03 06:36:43,2024-02-11 15:01:48,4262,S,R,UNP-562
971,N,2020,2023-11-02 15:21:13,2024-03-18 02:56:21,3163,C,R,29G-540
972,C,2010,2023-06-29 12:34:54,2024-01-27 06:50:51,2162,C,R,C03-342
973,D,2017,2023-10-22 17:24:49,2024-01-09 16:14:07,3618,C,R,JZ5-756
974,N,2005,2023-08-17 03:40:46,2023-09-08 16:27:10,609,C,C,38W-603
975,C,2009,2024-04-15 17:14:46,2023-09-05 09:57:43,1273,S,C,QVR-626
976,D,2014,2023-06-18 06:07:46,2023-09-19 20:54:44,2868,S,R,HGX-173
977,N,0,2024-01-15 17:24:11,2024-02-16 07:07:09,2740,S,R,1VB-630
978,C,2011,2023-08-13 17:18:58,2023-11-09 08:06:10,2790,F,R,RB5-855
979,D,2014,2024-03-19 21:22:24,2024-05-16 09:24:55,948,F,P,8RN-120
980,N,2010,2024-05-31 08:23:45,2024-02-11 16:13:32,1563,S,R,9OB-780
981,C,2012,2023-10-04 02:07:08,2023-11-23 07:09:48,2815,F,R,UM2-159
982,D,2011,2024-02-04 18:59:41,2024-06-04 21:57:57,3891,F,R,Y49-839
983,N,2009,2024-04-19 03:37:28,2024-04-19 10:34:01,3742,C,C,KJX-760
984,C,2012,2023-11-28 19:26:19,2023-08-23 04:30:12,2876,F,C,YVL-576
985,D,2012,2023-08-01 18:35:26,2024-04-14 09:34:59,2519,C,P,55Y-248
986,N,2018,2024-06-07 12:54:45,2023-12-02 05:16:02,3861,S,P,Y7S-070
987,C,2015,2024-04-17 11:53:05,2023-09-05 04:27:14,3603,F,C,BW8-570
988,D,2005,2023-07-24 10:46:05,2024-02-05 02:06:56,4830,S,R,C3P-875
989,N,2014,2024-02-29 10:31:17,2023-10-22 02:03:51,4465,C,P,4ID-280
990,C,2011,2023-06-14 00:16:32,2023-08-31 10:41:42,4697,C,R,MT6-414
991,D,0,2024-01-25 08:25:18,2024-01-22 16:03:04,2850,S,R,A1P-722
992,N,2009,2023-06-15 06:53:36,2023-09-19 13:47:01,1451,F,C,GTY-322
993,C,2014,2023-06-20 22:33:59,2023-09-11 22:28:44,2242,S,R,XJA-854
994,D,2008,2024-03-01 22:05:09,2023-11-21 03:56:15,2204,F,P,YZB-350
995,N,2009,2023-10-08 00:07:43,2024-03-16 14:01:33,3632,S,C,IIM-680
996,C,2006,2024-05-16 22:32:55,2023-12-05 10:08:21,1830,C,P,VB0-026
997,D,2013,2023-07-25 21:50:03,2023-09-16 10:06:03,2959,S,P,6KV-744
998,N,2015,2024-02-20 16:41:06,2023-09-24 11:51:14,4331,S,C,KXV-750
999,C,2019,2024-01-03 22:25:51,2023-10-21 10:51:50,2776,S,P,NUH-033
